category,title,packsize,price,price_per_unit,image
super-savers/,Berg Brazilian Style Sausages 300g,300g,3.69,$12.30 per kg,https://www.aldi.com.au/fileadmin/_processed_/a/4/csm_W09_SUPER_SAVERS_MEAT_1x1__2e071d5b0e.jpg
super-savers/,Huon Fresh Tasmanian Ocean Trout Skin On 460g,460g,11.99,$26.07 per kg,https://www.aldi.com.au/fileadmin/_processed_/7/a/csm_W09_SUPER_SAVERS_MEAT_1x1_2_31cce09c38.jpg
health/,Dentitex Advanced Whitening Toothpaste,140g,1.79,$1.28 per 100g,https://www.aldi.com.au/fileadmin/_processed_/9/3/csm_ALN2364-7_HEALTH_1x1_228x128__d9c1a69508.jpg
health/,Dentitex Sensitive Plus Whitening Toothpaste,N/A,4.49,$4.08 per 100g,https://www.aldi.com.au/fileadmin/_processed_/6/2/csm_ALN2364-7_HEALTH_1x1_228x128_5_684b45adc5.jpg
health/,Dentitex Interdental Pro Toothbrush 2pk,2pk,1.99,$1.00 per unit,https://www.aldi.com.au/fileadmin/_processed_/b/6/csm_ALN2853_HEALTH_1x1_228x128_4_5cb4d06f7a.jpg
health/,Dentitex Orbit Toothbrush 2pk,2pk,2.99,$1.50 per unit,https://www.aldi.com.au/fileadmin/_processed_/3/a/csm_ALN2364-7_HEALTH_1x1_228x128_3_e4b1c3337d.jpg
beauty/,LACURA Essentials BB Cream SPF 15 50ml,N/A,7.99,$15.98 per 100ml,https://www.aldi.com.au/fileadmin/_processed_/7/d/csm_ALN1075_SKIN_CARE_UPDATE_1x1_228x128_6_2dac99110b.jpg
beauty/,LACURA Essentials Purify Exfoliating Wash 150ml,N/A,3.79,$2.53 per 100ml,https://www.aldi.com.au/fileadmin/_processed_/7/d/csm_ALP0614_WEB_AUDIT_2Q_LACURA_1x1_128x228__7337596be1.jpg
super-savers/,Ingham’s Chicken and Corn Schnitzel 1kg,1kg,8.99,$8.99 per kg,https://www.aldi.com.au/fileadmin/_processed_/f/2/csm_W09_SUPER_SAVERS_MEAT_1x1_3_e60a26ef24.jpg
super-savers/,KRC Pork Cordon Bleu 480g,480g,8.99,$18.73 per kg,https://www.aldi.com.au/fileadmin/_processed_/0/2/csm_W09_SUPER_SAVERS_MEAT_1x1_4_b1c3099204.jpg
super-savers/,"Ready, Set…Cook! Beef & Cheese Meatballs 420g",420g,4.99,$11.98 per kg,https://www.aldi.com.au/fileadmin/_processed_/b/e/csm_W09_SUPER_SAVERS_MEAT_1x1_5_4f11e0965c.jpg
super-savers/,Killarnee Lamb Rack per kg,per kg,19.99,$19.99 per kg,https://www.aldi.com.au/fileadmin/_processed_/1/2/csm_ALN3197_FEB_SSV_1x1_228x128_3_da46821e07.jpg
super-savers/,World Kitchen Pizza 510g,510g,3.99,78c per 100g,https://www.aldi.com.au/fileadmin/_processed_/3/2/csm_ALN3197_FEB_SSV_1x1_228x128_23_a22ed05b95.jpg
super-savers/,Berg Deli Ham Off the Bone Shaved 150g,150g,3.49,$23.27 per kg,https://www.aldi.com.au/fileadmin/_processed_/a/b/csm_ALN3197_FEB_SSV_1x1_228x128_6_d56289ba49.jpg
health/,Dentitex Mouthwash 1L,1L,4.19,42c per 100mL,https://www.aldi.com.au/fileadmin/_processed_/7/8/csm_ALN2853_HEALTH_1x1_228x128_5_90b70c5e97.jpg
health/,Dentitex Mouthwash 500ml,500ml,3.49,70c per ml,https://www.aldi.com.au/fileadmin/_processed_/2/1/csm_ALN3077_HEALTH_1x1_228x128_be3f781b52.jpg
health/,Essential Health Paw Paw Ointment,ea,2.79,$11.16 per 100g,https://www.aldi.com.au/fileadmin/_processed_/9/0/csm_ALN2364-7_HEALTH_1x1_228x128_6_678cce7213.jpg
health/,Green Action Eucalyptus Oil 100ml,100ml,6.99,$6.99 per 100ml,https://www.aldi.com.au/fileadmin/_processed_/0/d/csm_ALN2853_HEALTH_1x1_228x128_2_52ddfb3258.jpg
health/,Hedafen Ibuprofen 24pk,24pk,1.49,6c per tablet,https://www.aldi.com.au/fileadmin/_processed_/e/e/csm_ALN2364-7_HEALTH_1x1_228x128_7_5e19cb1d8b.jpg
health/,Hedafen Ibuprofen Liquid Capsules 20pk,20pk,2.39,12c per capsule,https://www.aldi.com.au/fileadmin/_processed_/2/b/csm_ALN2364-7_HEALTH_1x1_228x128_8_d5b131d4a1.jpg
beauty/,LACURA Essentials Caring Cleansing Gel 150ml,N/A,3.79,$2.53 per 100ml,https://www.aldi.com.au/fileadmin/_processed_/e/9/csm_ALP0614_WEB_AUDIT_2Q_LACURA_1x1_128x228_2_238ffd9714.jpg
beauty/,LACURA Essentials Fine Balance Foaming Cleansing Gel 150ml,N/A,3.79,$2.53 per 100ml,https://www.aldi.com.au/fileadmin/_processed_/1/6/csm_ALP0614_WEB_AUDIT_2Q_LACURA_1x1_128x228_3_41952414db.jpg
beauty/,LACURA Essentials Fine Balance Cleansing Wipes 30pk,30pk,1.69,6c per wipe,https://www.aldi.com.au/fileadmin/_processed_/8/5/csm_ALC7782_THE_BLOCK_1x1_228x128_46_14b472b3c8.jpg
beauty/,LACURA Essentials Caring Cleansing Wipes 30pk,N/A,1.69,6c per wipe,https://www.aldi.com.au/fileadmin/_processed_/d/8/csm_ALC7782_THE_BLOCK_1x1_228x128_47_c420f81809.jpg
beauty/,LACURA Essentials Make Up Rounds 80pk,N/A,1.3900000000000001,$1.74 per 100 rounds,https://www.aldi.com.au/fileadmin/_processed_/7/7/csm_ALN1075_SKIN_CARE_UPDATE_1x1_228x128_9_1dbf20698f.jpg
beauty/,LACURA Essentials Cotton Tips 240pk,N/A,99.0c,41c per 100 tips,https://www.aldi.com.au/fileadmin/_processed_/6/a/csm_ALN1075_SKIN_CARE_UPDATE_1x1_228x128_10_2945f8c10b.jpg
super-savers/,Berg Deli Ham Off the Bone 175g,175g,3.49,$19.94 per kg,https://www.aldi.com.au/fileadmin/_processed_/6/c/csm_ALN3197_FEB_SSV_1x1_228x128_5_56dda2a3e8.jpg
super-savers/,Berg Sliced Mild Hungarian Salami 4 x 80g,80g,4.99,$15.59 per kg,https://www.aldi.com.au/fileadmin/_processed_/0/6/csm_ALN3197_FEB_SSV_1x1_228x128_7_c98330d21d.jpg
super-savers/,Monarc Indulge Gourmet Ice Cream 1L,ea,3.99,40c per 100ml,https://www.aldi.com.au/fileadmin/_processed_/4/2/csm_ALN3197_FEB_SSV_1x1_228x128_8_ddeae8990a.jpg
super-savers/,Urban Eats Turkish Gozleme 300g,300g,3.99,$1.33 per 100g,https://www.aldi.com.au/fileadmin/_processed_/0/9/csm_ALN3197_FEB_SSV_1x1_228x128_9_0e68ee0b8b.jpg
super-savers/,Urban Eats Roti Paratha 8pk/640g,8pk,2.99,47c per 100g,https://www.aldi.com.au/fileadmin/_processed_/3/4/csm_ALN3197_FEB_SSV_1x1_228x128_10_ec51f8b075.jpg
super-savers/,Urban Eats Vegetable Gyoza 750g,750g,7.99,$1.07 per 100g,https://www.aldi.com.au/fileadmin/_processed_/2/6/csm_ALN3197_FEB_SSV_1x1_228x128_11_b0c497a5c7.jpg
health/,Hedanol Paracetamol Capsule Shaped Tablets 20pk,N/A,69.0c,3c per tablet,https://www.aldi.com.au/fileadmin/_processed_/a/5/csm_ALN2364-7_HEALTH_1x1_228x128_9_c613cd50e7.jpg
health/,Essential Health Effervescents 15pk,ea,4.49,30c per tablet,https://www.aldi.com.au/fileadmin/_processed_/c/3/csm_ALN2364-7_HEALTH_1x1_228x128_10_586cc47052.jpg
health/,Essential Health Electrolytes 20pk,20pk,5.49,27c per tablet,https://www.aldi.com.au/fileadmin/_processed_/9/3/csm_ALN2853_HEALTH_1x1_228x128__9c3f4c0792.jpg
health/,Essential Health First Aid Strips Plastic 100pk / Fabric 50pk,ea,1.99,2c-4c per strip,https://www.aldi.com.au/fileadmin/_processed_/6/4/csm_ALN2364-7_HEALTH_1x1_228x128_11_a6de138e71.jpg
health/,Essential Health Meal Replacement Shakes,ea,1.99,$3.62 per 100g,https://www.aldi.com.au/fileadmin/_processed_/0/e/csm_ALN2364-7_HEALTH_1x1_228x128_12_2e957e4443.jpg
health/,Essential Health Protein Bar 30g,ea,1.49,$4.97 per 100g,https://www.aldi.com.au/fileadmin/_processed_/0/3/csm_ALN2364-7_HEALTH_1x1_228x128_13_8e8f2dd529.jpg
health/,Onset Chocolate Protein Bars 51g-57g,51g-57g,2.99,$5.86-$5.25 per 100g,https://www.aldi.com.au/fileadmin/_processed_/5/4/csm_ALN2853_HEALTH_1x1_228x128_3_2bdeaaea03.jpg
beauty/,LACURA Essentials Women's Comfort Touch 3 Blade Disposable Razors 8pk,N/A,3.99,50c per unit,https://www.aldi.com.au/fileadmin/_processed_/5/c/csm_ALN1075_SKIN_CARE_UPDATE_1x1_228x128_11_f02b9d87a7.jpg
beauty/,LACURA Skin Science Renew Expert Double Effect Eye Gel 15ml,N/A,9.99,$66.60/100ml,https://www.aldi.com.au/fileadmin/_processed_/9/1/csm_ALN2147_Q4_SKIN-CARE_1x1_228x128_9_93889e4a72.jpg
beauty/,LACURA Skin Science Renew Expert Wrinkle Smoother 15ml,N/A,9.99,$66.60/100ml,https://www.aldi.com.au/fileadmin/_processed_/7/9/csm_ALN2147_Q4_SKIN-CARE_1x1_228x128_10_7ffbef2e32.jpg
beauty/,LACURA Skin Science Renew Day Cream SPF 15 50ml,N/A,7.99,$15.98 per 100ml,https://www.aldi.com.au/fileadmin/_processed_/6/8/csm_ALN2147_Q4_SKIN-CARE_1x1_228x128__4a518097a6.jpg
beauty/,LACURA Skin Science Renew Night Cream 50ml,N/A,7.99,$15.98 per 100ml,https://www.aldi.com.au/fileadmin/_processed_/e/6/csm_ALN2147_Q4_SKIN-CARE_1x1_228x128_4_bd338d37dd.jpg
beauty/,LACURA Skin Science Renew Serum 50ml,N/A,7.99,$15.98 per 100ml,https://www.aldi.com.au/fileadmin/_processed_/9/0/csm_ALN2147_Q4_SKIN-CARE_1x1_228x128_5_e8df2a9cb8.jpg
super-savers/,Urban Eats Pork Dumplings 750g,750g,7.99,$1.07 per 100g,https://www.aldi.com.au/fileadmin/_processed_/d/1/csm_ALN3197_FEB_SSV_1x1_228x128_12_49d51c47f0.jpg
super-savers/,Asia Specialities Stir Fry Sauce 500g,500g,1.99,40c per 100g,https://www.aldi.com.au/fileadmin/_processed_/b/7/csm_ALN3197_FEB_SSV_1x1_228x128_13_b8eeb738ae.jpg
super-savers/,Nestlé Milo 1.25kg,1.25kg,12.49,$1.00 per 100g,https://www.aldi.com.au/fileadmin/_processed_/b/8/csm_ALN3197_FEB_SSV_1x1_228x128_14_a5abbfdb67.jpg
super-savers/,Hillcrest Muesli Bars 15pk/470g,15pk,2.99,64c per 100g,https://www.aldi.com.au/fileadmin/_processed_/2/0/csm_ALN3197_FEB_SSV_1x1_228x128_15_R_0189a594d4.jpg
super-savers/,Hillcrest Premium Muesli Bars 6pk/270g,6pk,2.99,$1.11 per 100g,https://www.aldi.com.au/fileadmin/_processed_/5/7/csm_ALN3197_FEB_SSV_1x1_228x128_16_a6697d84d7.jpg
beauty/,LACURA Skin Science Renew Expert Day Cream SPF 15 50ml ,N/A,10.99,$21.98 per 100ml,https://www.aldi.com.au/fileadmin/_processed_/0/8/csm_ALN2364_AWARDS_HEALTH-AND-BEAUTY_1x1_228x128__062953c66a.jpg
beauty/,LACURA Skin Science Renew Expert Night Cream SPF 15 50ml ,N/A,10.99,$21.98 per 100ml,https://www.aldi.com.au/fileadmin/_processed_/8/f/csm_ALN2364_AWARDS_HEALTH-AND-BEAUTY_1x1_228x128_2_528fdaf309.jpg
beauty/,LACURA Essentials Renew Cleansing Wipes 30pk,N/A,1.69,6c per wipe,https://www.aldi.com.au/fileadmin/_processed_/f/8/csm_ALC7782_THE_BLOCK_1x1_228x128_49_b2fd8e8bc4.jpg
beauty/,LACURA Skin Science Revive Hyaluronic Gel 30ml,N/A,10.99,$36.63 per 100ml,https://www.aldi.com.au/fileadmin/_processed_/3/f/csm_ALN2364_AWARDS_HEALTH-AND-BEAUTY_1x1_228x128_3_143a22473a.jpg
beauty/,LACURA Skin Science Revive Night Elixir 30ml ,N/A,10.99,$36.63 per 100ml,https://www.aldi.com.au/fileadmin/_processed_/2/b/csm_ALN2364_AWARDS_HEALTH-AND-BEAUTY_1x1_228x128_4_c9cee72591.jpg
super-savers/,Flying Power Energy Drink 250ml,250ml,79.0c,$3.16 per litre,https://www.aldi.com.au/fileadmin/_processed_/f/2/csm_ALN3197_FEB_SSV_1x1_228x128_17_e259c85602.jpg
super-savers/,Blackstone Vegetable Straws 110g,110g,1.99,$1.81 per 100g,https://www.aldi.com.au/fileadmin/_processed_/f/e/csm_ALN3197_FEB_SSV_1x1_228x128_18_461ebf7217.jpg
super-savers/,Sweet Vine Coated Sultana 6pk/180g,6pk,2.69,$14.94 per kg,https://www.aldi.com.au/fileadmin/_processed_/3/8/csm_ALN3197_FEB_SSV_1x1_228x128_19_006a14286e.jpg
super-savers/,"Bakers Life Lower Carb, Higher Protein Bread 600g",600g,4.49,75c per 100g,https://www.aldi.com.au/fileadmin/_processed_/8/4/csm_ALN3197_FEB_SSV_1x1_228x128_20_47968101c3.jpg
super-savers/,Bakers Life Lower Carb High Protein Burger Buns 2pk/140g,2pk,2.49,$1.78 per 100g,https://www.aldi.com.au/fileadmin/_processed_/0/6/csm_ALN3197_FEB_SSV_1x1_228x128_21_e28a7b2f37.jpg
super-savers/,Kaiora Bay Marlborough Reserve Sauvignon Blanc 2020 750ml,750ml,8.99,N/A,https://www.aldi.com.au/fileadmin/_processed_/5/c/csm_ALN3197_FEB_SSV_1x1_228x128_22_f82dc56936.jpg
beauty/,LACURA Skin Science Revive Moisture Boost 15ml,N/A,10.99,$73.27 per 100ml,https://www.aldi.com.au/fileadmin/_processed_/5/d/csm_ALN1075_SKIN_CARE_UPDATE_1x1_228x128_42_6f40505af1.jpg
beauty/,LACURA Skin Science Revitalise Expert Day Cream 50ml,N/A,10.99,$21.98 per 100ml,https://www.aldi.com.au/fileadmin/_processed_/7/c/csm_ALN2147_Q4_SKIN-CARE_1x1_228x128_11R_1ab1f158f5.jpg
beauty/,LACURA Skin Science Revitalise Expert Neck & Décolleté Serum 50ml,N/A,10.99,$21.98 per 100ml,https://www.aldi.com.au/fileadmin/_processed_/2/d/csm_ALN2147_Q4_SKIN-CARE_1x1_228x128_12_2d6de1ed9e.jpg
beauty/,LACURA Skin Science Revitalise Expert Eye Cream 15ml,N/A,10.99,$73.27 per 100ml,https://www.aldi.com.au/fileadmin/_processed_/8/4/csm_ALN2147_Q4_SKIN-CARE_1x1_228x128_13_ce5f78dd18.jpg
super-savers/,Essential Health Adult’s Gummies 60pk,60pk,5.99,$9.98 per 100 gummies,https://www.aldi.com.au/fileadmin/_processed_/8/b/csm_ALN3197_FEB_SSV_1x1_228x128_25_6a8cfec149.jpg
super-savers/,Essential Health Children’s Gummies 99.9% Sugar Free 60pk,60pk,5.99,$9.98 per 100 gummies,https://www.aldi.com.au/fileadmin/_processed_/4/6/csm_ALN3197_FEB_SSV_1x1_228x128_26_052f1eb935.jpg
beauty/,LACURA Skin Science Revitalise Day Cream with Soy for Mature Skin 50ml,N/A,7.99,$15.98 per 100ml,https://www.aldi.com.au/fileadmin/_processed_/f/d/csm_ALN2147_Q4_SKIN-CARE_1x1_228x128_6_19bbb35ab4.jpg
beauty/,LACURA Skin Science Revitalise Night Cream with Soy for Mature Skin 50ml,N/A,7.99,$15.98 per 100ml,https://www.aldi.com.au/fileadmin/_processed_/8/8/csm_ALN2147_Q4_SKIN-CARE_1x1_228x128_8_e00377d4f7.jpg
beauty/,LACURA Skin Science Revitalise Multi Intensive Serum for Mature Skin 50ml,N/A,7.99,$15.98 per 100ml,https://www.aldi.com.au/fileadmin/_processed_/1/e/csm_ALN2147_Q4_SKIN-CARE_1x1_228x128_7_34e3505580.jpg
beauty/,LACURA Essentials Revitalise Cleansing Wipes 30pk,N/A,1.69,6c per wipe,https://www.aldi.com.au/fileadmin/_processed_/6/d/csm_ALC7782_THE_BLOCK_1x1_228x128_48_bd33cd66a1.jpg
beauty/,LACURA Naturals Revitalising Facial Foaming Cleanser 150ml ,N/A,5.99,$3.99 per 100ml,https://www.aldi.com.au/fileadmin/_processed_/e/8/csm_ALN1075_SKIN_CARE_UPDATE_1x1_228x128_25_76e9bdcba0.jpg
beauty/,LACURA Naturals Pore Cleansing Clarifying Facial Scrub 150ml ,N/A,5.99,$3.99 per 100ml,https://www.aldi.com.au/fileadmin/_processed_/1/b/csm_ALN1075_SKIN_CARE_UPDATE_1x1_228x128_26_20d4d20ddc.jpg
beauty/,LACURA Naturals Invigorating Exfoliating Facial Scrub 150ml ,N/A,5.99,$3.99 per 100ml,https://www.aldi.com.au/fileadmin/_processed_/7/6/csm_ALN1075_SKIN_CARE_UPDATE_1x1_228x128_27_6a0455746a.jpg
beauty/,LACURA Naturals Anti-Aging Day Cream with Liquorice Extract Oil & Silk Protein 50ml,N/A,7.99,$15.98 per 100ml,https://www.aldi.com.au/fileadmin/_processed_/9/5/csm_ALN1075_SKIN_CARE_UPDATE_1x1_228x128_24_785043bbbe.jpg
beauty/,LACURA Naturals Anti-Aging Night Cream with Rice Bran Oil & Silk Protein 50ml,N/A,7.99,$15.98 per 100ml,https://www.aldi.com.au/fileadmin/_processed_/6/4/csm_ALN1075_SKIN_CARE_UPDATE_1x1_228x128_23_5dcf16da94.jpg
beauty/,LACURA Naturals Anti-Aging Serum with Ginger Extract & Silk Protein 30ml,N/A,7.99,$26.63 per 100ml,https://www.aldi.com.au/fileadmin/_processed_/4/b/csm_ALN1075_SKIN_CARE_UPDATE_1x1_228x128_21_d392e88049.jpg
beauty/,LACURA Naturals Anti-Aging Eye Cream with Tiger Grass & Silk Protein 15ml,N/A,7.99,$53.27 per 100ml,https://www.aldi.com.au/fileadmin/_processed_/8/8/csm_ALN1075_SKIN_CARE_UPDATE_1x1_228x128_22_728b0243c5.jpg
beauty/,LACURA Beauty Long Lasting Duo Lipstick,ea,6.99,N/A,https://www.aldi.com.au/fileadmin/_processed_/d/b/csm_ALN1075_SKIN_CARE_UPDATE_1x1_228x128_18_4e99e30afa.jpg
beauty/,LACURA Beauty Long Lasting Compact Powder 10g,N/A,5.99,$5.99 per 10g,https://www.aldi.com.au/fileadmin/_processed_/a/d/csm_ALN1075_SKIN_CARE_UPDATE_1x1_228x128_19_69f5f9923e.jpg
beauty/,LACURA Beauty Long Lasting Compact Blush 4.5g,N/A,5.99,$13.31 per 10g,https://www.aldi.com.au/fileadmin/_processed_/d/2/csm_ALN1075_SKIN_CARE_UPDATE_1x1_228x128_20_3668aae7b3.jpg
beauty/,LACURA Beauty Foundation with Sunscreen,N/A,4.99,$1.00 per 10ml,https://www.aldi.com.au/fileadmin/_processed_/6/4/csm_ALP0614_WEB_AUDIT_2Q_LACURA_1x1_128x228_7_db9bfbdea3.jpg
beauty/,LACURA Beauty Face Primer 3 in 1,N/A,4.99,$1.00 per 10ml,https://www.aldi.com.au/fileadmin/_processed_/3/e/csm_ALP0614_WEB_AUDIT_2Q_LACURA_1x1_128x228_6_c0b1a8d162.jpg
beauty/,LACURA Beauty 24hr Mascara – Waterproof 11.6ml or Volume 11.9ml,ea $,6.99,$5.87-$6.03 per 10ml,https://www.aldi.com.au/fileadmin/_processed_/5/1/csm_ALP0614_WEB_AUDIT_2Q_LACURA_1x1_128x228_4_1e124933e1.jpg
beauty/,LACURA® Retractable Eyeliner or Eyebrow Pencil 0.3g,0.3g,4.99,$166.33 per 10g,https://www.aldi.com.au/fileadmin/_processed_/c/3/csm_ALN2362_Retractable_Eyeliner_or_Eyebrow_Pencil_0.3g_1x1_228x128__d6c4e2abe1.jpg
pantry/olive-oil/,Just Organic Extra Virgin Olive Oil 500ml,N/A,4.6899999999999995,94c per 100ml,https://www.aldi.com.au/fileadmin/_processed_/5/7/csm_ALN2230_Q1_OLIVE_OIL_1x1_228x128__a535a40aec.jpg
pantry/olive-oil/,Remano Olive Oil / Mild Olive Oil 1L,ea,5.99,60c per 100ml,https://www.aldi.com.au/fileadmin/_processed_/b/a/csm_ALN1075_OLIVE-OIL_1x1_228x128_3_01_903bd437f6.jpg
pantry/olive-oil/,The Olive Tree Australian Extra Virgin Olive Oil Spray 225g,N/A,2.99,$1.33 per 100g,https://www.aldi.com.au/fileadmin/_processed_/f/b/csm_ALN1726-3_1x1_OLIVE-OIL_228x128__1ed3ae0fb0.jpg
pantry/olive-oil/,The Olive Tree Australian Extra Virgin Olive Oil 1L – Classic,N/A,8.99,90c per 100ml,https://www.aldi.com.au/fileadmin/_processed_/4/b/csm_ALN2364_AWARDS_OILS-SAUCES_1x1_228x128__905cf88253.jpg
pantry/olive-oil/,The Olive Tree Australian Extra Virgin Olive Oil 3L,N/A,23.99,80c per 100ml,https://www.aldi.com.au/fileadmin/_processed_/6/9/csm_ALN2364_AWARDS_OILS-SAUCES_1x1_228x128_2_97c6e8fa85.jpg
pantry/olive-oil/,Remano Extra Virgin Olive Oil 3.78L,N/A,19.99,53c per 100ml,https://www.aldi.com.au/fileadmin/_processed_/5/4/csm_ALN1136_1x1_OIL_228x128_3_ad13e61490.jpg
pantry/olive-oil/,Cobram Estate  Australia Extra Virgin Olive Oil 500ml,ea,7.99,$1.60 per 100ml,https://www.aldi.com.au/fileadmin/_processed_/f/c/csm_ALN1075_OLIVE-OIL_1x1_228x128_3_2e4e733cf5.jpg
pantry/just-organic/,Just Organic Pasta Sauces 500g,N/A,2.49,50c per 100g,https://www.aldi.com.au/fileadmin/_processed_/9/f/csm_ALN2745_Q2_WEB_AUDIT__JUST-ORGANIC__1x1_228x128_1_a02c6a78fe.jpg
pantry/just-organic/,Just Organic Passata 690g,N/A,2.09,30c per 100g,https://www.aldi.com.au/fileadmin/_processed_/3/a/csm_ALN2230_Q1_ORGANIC_1x1_228x128_3_fb7f52bc89.jpg
pantry/just-organic/,Just Organic Penne Pasta 500g,N/A,1.5899999999999999,32c per 100g,https://www.aldi.com.au/fileadmin/_processed_/0/7/csm_ALN2460_Q3_WEB_AUDIT_Just_Organic__1x1_228x128_5_8820d95ba9.jpg
pantry/just-organic/,Just Organic Baked Beans in Tomato Sauce 420g,N/A,95.0c,23c per 100g,https://www.aldi.com.au/fileadmin/_processed_/7/f/csm_ALN2745_Q2_WEB_AUDIT__JUST-ORGANIC__1x1_228x128_2_51595ce338.jpg
pantry/gluten-free/,Gluten Free Penne 500g,N/A,2.29,46c per 100g,https://www.aldi.com.au/fileadmin/_processed_/6/b/csm_ALN2147_Q4_GLUTEN-FREE_1x1_228x128_4_c0a7d00059.jpg
pantry/gluten-free/,Gluten Free Spirals 500g,N/A,2.29,46c per 100g,https://www.aldi.com.au/fileadmin/_processed_/6/0/csm_ALN3077_GLUTEN-FREE_1x1_228x128__7ce49aa2e0.jpg
pantry/gluten-free/,Gluten Free Corn Flakes 375g,N/A,2.99,80c per 100g,https://www.aldi.com.au/fileadmin/_processed_/5/4/csm_ALN1075_1x1_GF_228x128__9e8add9131.jpg
pantry/coffee/,Expressi Organic,16pk,5.99,37c per capsule,https://www.aldi.com.au/fileadmin/_processed_/9/9/csm_ALN2853_EXPRESSI_COFFEE_1x1_228x128_2_5c3430b56b.jpg
pantry/coffee/,Expressi Calabrese,16pk,5.99,37c per capsule,https://www.aldi.com.au/fileadmin/_processed_/3/2/csm_ALN2853_EXPRESSI_COFFEE_1x1_228x128_3_c2752b84ae.jpg
pantry/coffee/,Expressi Abruzzo,16pk,5.99,37c per capsule,https://www.aldi.com.au/fileadmin/_processed_/9/b/csm_ALN2853_EXPRESSI_COFFEE_1x1_228x128_4_d0ff45e335.jpg
pantry/just-organic/,Just Organic Quinoa – White or Tricolour 500g,N/A,6.49,$1.00 per 100g,https://www.aldi.com.au/fileadmin/_processed_/f/0/csm_ALN2670_Q1_WEB_AUDIT__JUST_ORGANIC__1x1_228x128__06fd270707.jpg
pantry/just-organic/,Just Organic Green Tea 50pk/75g,N/A,2.49,$3.32 per 100g,https://www.aldi.com.au/fileadmin/_processed_/b/c/csm_ALN2460_Q3_WEB_AUDIT_Just_Organic__1x1_228x128_2_1c4b59e61c.jpg
pantry/just-organic/,Just Organic Rooibos Tea 50pk/80g,N/A,2.49,$3.11 per 100g,https://www.aldi.com.au/fileadmin/_processed_/d/9/csm_ALN2460_Q3_WEB_AUDIT_Just_Organic__1x1_228x128_3_f01fe6955f.jpg
pantry/just-organic/,Just Organic Black Tea 50pk/100g,N/A,2.49,$2.49 per 100g,https://www.aldi.com.au/fileadmin/_processed_/f/e/csm_ALN2460_Q3_WEB_AUDIT_Just_Organic__1x1_228x128_4_18d9d12601.jpg
pantry/just-organic/,Organic Kombucha – Ginger & Lemon 330ml,N/A,2.49,$6.03 per litre,https://www.aldi.com.au/fileadmin/_processed_/3/9/csm_ALN2230_Q1_ORGANIC_1x1_228x128_7_f1030b5e05.jpg
pantry/gluten-free/,Gluten Free Cocoa Puffs 475g,N/A,2.99,63c per 100g,https://www.aldi.com.au/fileadmin/_processed_/b/3/csm_ALN1075_1x1_GF_228x128_2_150eb74508.jpg
pantry/gluten-free/,Gluten Free Plain Flour 500g,N/A,2.29,$4.58 per kg,https://www.aldi.com.au/fileadmin/_processed_/7/6/csm_ALN2147_Q4_GLUTEN-FREE_1x1_228x128_5_f6210b29c2.jpg
pantry/gluten-free/,Gluten Free Self Raising Flour 500g,N/A,2.29,$4.58 per kg,https://www.aldi.com.au/fileadmin/_processed_/1/8/csm_ALN2147_Q4_GLUTEN-FREE_1x1_228x128_6_a60df0943b.jpg
pantry/gluten-free/,Gluten Free Spaghetti 500g,N/A,2.29,46c per 100g,https://www.aldi.com.au/fileadmin/_processed_/f/a/csm_ALN2147_Q4_GLUTEN-FREE_1x1_228x128_3_2c8abe4d74.jpg
pantry/gluten-free/,Has No Gluten Free Biscuits 180g,ea,2.79,$1.55 per 100g,https://www.aldi.com.au/fileadmin/_processed_/7/0/csm_ALN2805-1_SS_1x1_228x128_SEPTEMBER_10_38e0ccad49.jpg
pantry/coffee/,Expressi La Spezia,16pk,5.99,37c per capsule,https://www.aldi.com.au/fileadmin/_processed_/e/1/csm_ALN2853_EXPRESSI_COFFEE_1x1_228x128_5_d0eb83dd77.jpg
pantry/coffee/,Expressi Torino,16pk,5.99,37c per capsule,https://www.aldi.com.au/fileadmin/_processed_/b/9/csm_ALN2853_EXPRESSI_COFFEE_1x1_228x128_6_b69b12b766.jpg
pantry/coffee/,Expressi Milano,16pk,5.99,37c per capsule,https://www.aldi.com.au/fileadmin/_processed_/b/b/csm_ALN2853_EXPRESSI_COFFEE_1x1_228x128_7_75f08ce36c.jpg
pantry/coffee/,Expressi Reggio,16pk,5.99,37c per capsule,https://www.aldi.com.au/fileadmin/_processed_/0/5/csm_ALN2853_EXPRESSI_COFFEE_1x1_228x128_8_18bb2d058a.jpg
pantry/coffee/,Expressi Renzo,16pk,5.99,37c per capsule,https://www.aldi.com.au/fileadmin/_processed_/5/9/csm_ALN2853_EXPRESSI_COFFEE_1x1_228x128_9_f507d53211.jpg
pantry/chocolate/,Choceur Caramel Filled Milk Chocolate Block 200g,N/A,2.99,$1.50 per 100g,https://www.aldi.com.au/fileadmin/_processed_/6/a/csm_ALN2460_Q3_WEB_AUDIT_Chocolate__1x1_228x128_3_e67dcf7a07.jpg
pantry/chocolate/,Choceur Milk & White Chocolate Block 200g,N/A,2.99,$1.50 per 100g,https://www.aldi.com.au/fileadmin/_processed_/c/8/csm_ALN2460_Q3_WEB_AUDIT_Chocolate__1x1_228x128_4_78dbbba64b.jpg
pantry/chocolate/,Choceur Salted Pretzel Chocolate Block 200g,N/A,2.99,$1.50 per 100g,https://www.aldi.com.au/fileadmin/_processed_/4/f/csm_ALN2460_Q3_WEB_AUDIT_Chocolate__1x1_228x128_5_659698b53b.jpg
pantry/just-organic/,Organic Kombucha – Raspberry & Lemon 330ml,N/A,2.49,$6.03 per litre,https://www.aldi.com.au/fileadmin/_processed_/4/a/csm_ALN2218_Q2_Just_Organic_Kombucha_Raspberry_Lemon_330ml_1x1_228x128_56311b0a66.jpg
pantry/just-organic/,Just Organic Apple Cider Vinegar 500ml,N/A,3.29,66c per 100ml,https://www.aldi.com.au/fileadmin/_processed_/0/b/csm_ALN2230_Q1_ORGANIC_1x1_228x128_9_13ebed85c3.jpg
pantry/just-organic/,Just Organic UHT Milk 1L,N/A,1.79,$1.79 per litre,https://www.aldi.com.au/fileadmin/_processed_/c/f/csm_ALN2619_Q4_WEB_AUDIT_JUST_ORGANIC_1x1_228x128__5beb2e3fe6.jpg
pantry/just-organic/,Just Organic UHT Soy Milk 1L,N/A,1.49,$1.49 per litre,https://www.aldi.com.au/fileadmin/_processed_/e/1/csm_ALN2218_Q2_Just_Organic_UHT_Soy_milk_1L_1x1_228x128_76d25f9005.jpg
pantry/just-organic/,Just Organic Natural Yogurt 1kg,N/A,4.99,50c per 100g,https://www.aldi.com.au/fileadmin/_processed_/4/5/csm_ALN2218_Q2_Just_Organic_Natural_Yoghurt_1kg_1x1_228x128_b88be6036a.jpg
pantry/just-organic/,Just Organic Natural Yogurt 500g,N/A,3.49,70c per 100g,https://www.aldi.com.au/fileadmin/_processed_/1/7/csm_ALN2619_Q4_WEB_AUDIT_JUST_ORGANIC_1x1_228x128_2_57aa47f732.jpg
pantry/just-organic/,Just Organic Vanilla Bean Yogurt 1kg,N/A,4.99,50c per 100g,https://www.aldi.com.au/fileadmin/_processed_/5/4/csm_ALN2218_Q2_Just_Organic_Vanilla_Bean_Yoghurt_1kg_1x1_228x128_012c537839.jpg
pantry/gluten-free/,Has No Gluten Free Coconut Macaroons 160g,N/A,2.49,$1.56 per 100g,https://www.aldi.com.au/fileadmin/_processed_/1/f/csm_ALN2805-1_SS_1x1_228x128_SEPTEMBER_11_33e261d175.jpg
pantry/coffee/,Expressi Decaffi,16pk,5.99,37c per capsule,https://www.aldi.com.au/fileadmin/_processed_/a/b/csm_ALN2853_EXPRESSI_COFFEE_1x1_228x128_10_7b082d8bdd.jpg
pantry/coffee/,Expressi Valletta,16pk,5.99,37c per capsule,https://www.aldi.com.au/fileadmin/_processed_/8/a/csm_ALN2853_EXPRESSI_COFFEE_1x1_228x128_11_38cdb4d692.jpg
pantry/coffee/,Expressi Tauro,16pk,5.99,37c per capsule,https://www.aldi.com.au/fileadmin/_processed_/8/9/csm_ALN2853_EXPRESSI_COFFEE_1x1_228x128_12_cac6acf61a.jpg
pantry/coffee/,Expressi Intenzo,120g,5.99,37c per capsule,https://www.aldi.com.au/fileadmin/_processed_/4/f/csm_ALN2853_EXPRESSI_COFFEE_1x1_228x128_15_fa0e3d4bd8.jpg
pantry/coffee/,Expressi Rich Hot Chocolate,16pk,5.99,37c per capsule,https://www.aldi.com.au/fileadmin/_processed_/2/e/csm_ALN2364_EXPRESSI_COFFEE_1x1_228x128_13_4956abdbab.jpg
pantry/coffee/,EXPRESSI Coffee Capsule Machine – Steel Grey,N/A,79.99,N/A,https://www.aldi.com.au/fileadmin/_processed_/c/d/csm_ALN2853_EXPRESSI_COFFEE_1x1_228x128_14_2e4887a4fc.jpg
pantry/chocolate/,Choceur Coffee & Cream Chocolate Block 200g,N/A,2.99,$1.50 per 100g,https://www.aldi.com.au/fileadmin/_processed_/a/0/csm_ALN1075_1x1_CHOCOLATE_228x128_3_4821d9e789.jpg
pantry/chocolate/,Choceur Milk Hazelnut Chocolate Block 200g,N/A,2.99,$1.50 per 100g,https://www.aldi.com.au/fileadmin/_processed_/2/a/csm_ALN1075_1x1_CHOCOLATE_228x128__eb415d998d.jpg
pantry/chocolate/,Choceur Dark Hazelnut Chocolate Block 200g,N/A,2.99,$1.50 per 100g,https://www.aldi.com.au/fileadmin/_processed_/1/0/csm_ALC7929_Choceur_Range_1x1_228x128_2_94a3b1e04e.jpg
pantry/chocolate/,Choceur Fruit & Nut Chocolate Block 200g,N/A,2.99,$1.50 per 100g,https://www.aldi.com.au/fileadmin/_processed_/c/f/csm_ALC7929_Choceur_Range_1x1_228x128_4_d70e55dc3a.jpg
pantry/chocolate/,Choceur White Chocolate Block 200g,N/A,2.99,$1.50 per 100g,https://www.aldi.com.au/fileadmin/_processed_/7/c/csm_ALC7929_Choceur_Range_1x1_228x128_7_0ad82064c2.jpg
pantry/just-organic/,Just Organic Brie 125g,N/A,3.99,$31.92 per kg,https://www.aldi.com.au/fileadmin/_processed_/c/2/csm_ALN2362_Just_Organic_Brie_125g_1x1_228x128_53fe03b357.jpg
pantry/just-organic/,Just Organic Granola 500g Berry,500g,4.49,90c per 100g,https://www.aldi.com.au/fileadmin/_processed_/3/c/csm_ALN2218_Q2_Just_Organic_Granola_500g_Berry_1x1_228x128_01_2a453ebad6.jpg
pantry/just-organic/,Just Organic Granola 500g Coconut & Chia,500g,4.49,90c per 100g,https://www.aldi.com.au/fileadmin/_processed_/2/b/csm_ALN2853_AWARDS_JUST-ORGANIC_1x1_228x128_6b9370a881.jpg
pantry/just-organic/,Just Organic Sun-Dried Thompson Seedless Raisins 375g,N/A,3.99,$10.64 per kg,https://www.aldi.com.au/fileadmin/_processed_/8/e/csm_ALN2230_Q1_ORGANIC_1x1_228x128_13_b0a251a243.jpg
pantry/just-organic/,Just Organic Extra Virgin Coconut Oil 300g,N/A,3.99,$1.33 per 100g,https://www.aldi.com.au/fileadmin/_processed_/7/7/csm_ALN2460_Q3_WEB_AUDIT_Just_Organic__1x1_228x128__bcf6122767.jpg
pantry/just-organic/,Just Organic Natural Coconut Flakes 200g,N/A,3.99,$19.95 per kg,https://www.aldi.com.au/fileadmin/_processed_/2/a/csm_ALN1989_ORGANIC_1x1_33_47fd0e8f64.jpg
pantry/coffee/,EXPRESSI Milk Frother,N/A,29.99,N/A,https://www.aldi.com.au/fileadmin/_processed_/2/d/csm_ALC7235_1x1_228x128_9_cb3d33ef72.jpg
pantry/chocolate/,Choceur Rum Raisin & Nut Chocolate Block 200g,N/A,2.99,$1.50 per 100g,https://www.aldi.com.au/fileadmin/_processed_/8/0/csm_ALC7929_Choceur_Range_1x1_228x128_5_e9f7b644ce.jpg
pantry/chocolate/,Choceur Milk Chocolate Block 200g,N/A,2.99,$1.50 per 100g,https://www.aldi.com.au/fileadmin/_processed_/6/d/csm_ALC7929_Choceur_Range_1x1_228x128_16_290ff7d341.jpg
pantry/chocolate/,Choceur Dark Chocolate Block 200g,N/A,2.99,$1.50 per 100g,https://www.aldi.com.au/fileadmin/_processed_/7/2/csm_ALC7929_Choceur_Range_1x1_228x128_15_c9eb465d0b.jpg
pantry/chocolate/,Choceur Milk Almond Chocolate Block 200g,N/A,2.99,$1.50 per 100g,https://www.aldi.com.au/fileadmin/_processed_/f/2/csm_ALC7929_Choceur_Range_1x1_228x128__e3419fff68.jpg
pantry/chocolate/,Choceur Dark Almond Chocolate Block 200g,N/A,2.99,$1.50 per 100g,https://www.aldi.com.au/fileadmin/_processed_/2/e/csm_ALN1075_1x1_CHOCOLATE_228x128_9_9f99d831fc.jpg
pantry/chocolate/,Hazelnut Crème Mini Chocolate Bars 5 x 40g,5pk,2.99,$1.50 per 100g,https://www.aldi.com.au/fileadmin/_processed_/a/f/csm_ALN1075_1x1_CHOCOLATE_228x128_6_c1be250e10.jpg
pantry/chocolate/,Milk Mini Chocolate Bars 5 x 40g,5pk,2.99,$1.50 per 100g,https://www.aldi.com.au/fileadmin/_processed_/c/e/csm_ALC7929_Choceur_Range_1x1_228x128_9_ce5fd0c5ec.jpg
pantry/just-organic/,Just Organic Toasted Coconut Flakes with Sea Salt 140g,N/A,3.99,$28.50 per kg,https://www.aldi.com.au/fileadmin/_processed_/8/4/csm_ALN1989_ORGANIC_1x1_34_386d507624.jpg
pantry/just-organic/,Just Organic Dark Chocolate with Sea Salt 100g,N/A,2.79,$2.79 per 100g,https://www.aldi.com.au/fileadmin/_processed_/4/0/csm_ALN2460_Q3_WEB_AUDIT_Chocolate__1x1_228x128__a35e410266.jpg
pantry/just-organic/,Just Organic Dark Chocolate 100g,N/A,2.79,$2.79 per 100g,https://www.aldi.com.au/fileadmin/_processed_/5/7/csm_ALN2460_Q3_WEB_AUDIT_Chocolate__1x1_228x128_2_476e50ad91.jpg
pantry/just-organic/,Just Organic Yogurt Assorted Varieties 70g,70g,99.0c,$1.41 per 100g,https://www.aldi.com.au/fileadmin/_processed_/b/0/csm_ALN2218_Q2_Just_Organic_Yogurt_Assorted_Varieties_70g_1x1_228x128_a9b6197036.jpg
pantry/just-organic/,Just Organic Yogurt Assorted Varieties 140g,140g,1.49,$1.06 per 100g,https://www.aldi.com.au/fileadmin/_processed_/7/6/csm_ALN2218_Q2_Just_Organic_Yogurt_Assorted_Varieties_140g_1x1_228x128_01_5fe60a22d4.jpg
pantry/just-organic/,Just Organic Extra Virgin Olive Oil 500ml,500ml,4.6899999999999995,94c per 100ml,https://www.aldi.com.au/fileadmin/_processed_/2/5/csm_ALN2218_Q2_Just_Organic_Extra_Virgin_Olive_Oil_500ml_1x1_228x128_485ea2e082.jpg
pantry/chocolate/,Dark Mini Chocolate Bars 5 x 40g,5pk,2.99,$1.50 per 100g,https://www.aldi.com.au/fileadmin/_processed_/c/0/csm_ALC7929_Choceur_Range_1x1_228x128_10_f0b10f2f56.jpg
pantry/chocolate/,White Mini Chocolate Bars 5 x 40g,5pk,2.99,$1.50 per 100g,https://www.aldi.com.au/fileadmin/_processed_/0/f/csm_ALC7929_Choceur_Range_1x1_228x128_11_08d4103b5c.jpg
pantry/chocolate/,Hazelnut Mini Chocolate Bars 5 x 40g,5pk,2.99,$1.50 per 100g,https://www.aldi.com.au/fileadmin/_processed_/d/e/csm_ALN1075_1x1_CHOCOLATE_228x128_2_e2975ef762.jpg
pantry/chocolate/,Marzipan Mini Chocolate Bars 5 x 40g,5pk,2.99,$1.50 per 100g,https://www.aldi.com.au/fileadmin/_processed_/f/3/csm_ALC7929_Choceur_Range_1x1_228x128_13_49d4fa7114.jpg
pantry/just-organic/,Just Organic Free Range Eggs 6 Pack 300g,6pk,3.99,$1.33 per 100g,https://www.aldi.com.au/fileadmin/_processed_/7/9/csm_ALN2670_Q1_WEB_AUDIT__DAIRY_EGGS__1x1_228x128_5_34abfa032d.jpg
pantry/chocolate/,White Crisp Mini Chocolate Bars 5 x 40g,5pk,2.99,$1.50 per 100g,https://www.aldi.com.au/fileadmin/_processed_/1/e/csm_ALC7929_Choceur_Range_1x1_228x128_12_52a1f5a870.jpg
pantry/chocolate/,Choceur Mountain Bar 100g,N/A,1.99,$1.99 per 100g,https://www.aldi.com.au/fileadmin/_processed_/5/c/csm_ALN2230_Q1_CHOCOLATE_1x1_228x128__b9f35aa6ba.jpg
baby/baby-food/,Mamia Baby Fruit 4 Months+ 120g,120g,89.0c,74c per 100g,https://www.aldi.com.au/fileadmin/_processed_/f/2/csm_ALN2460_Q3_WEB_AUDIT_Babycare__1x1_228x128_05849678b9.jpg
baby/baby-food/,Mamia Baby’s First Breakfast 4mth+ Fruit & Cereal ,N/A,89.0c,74c per 100g,https://www.aldi.com.au/fileadmin/_processed_/8/5/csm_ALN1726-2_1x1_BABYCARE_228x128__e191cf1e0e.jpg
baby/baby-food/,Mamia Baby’s First Breakfast 6mth+ Porridge ,N/A,89.0c,74c per 100g,https://www.aldi.com.au/fileadmin/_processed_/6/1/csm_ALN1726-2_1x1_BABYCARE_228x128_2_6a94e6f69f.jpg
baby/baby-food/,Mamia Baby’s First Breakfast 6mth+ Muesli ,N/A,89.0c,74c per 100g,https://www.aldi.com.au/fileadmin/_processed_/2/4/csm_ALN1726-2_1x1_BABYCARE_228x128_3_89e6473daf.jpg
baby/baby-food/,Mamia Baby Food Desserts 6 Months+ 120g,ea,89.0c,74c per 100g,https://www.aldi.com.au/fileadmin/_processed_/b/3/csm_ALN2147_1x1_BABYCARE_228x128__f9064a6f41.jpg
baby/baby-food/,Mamia Premium Baby Food 6+ Months 120g,ea,89.0c,74c per 100g,https://www.aldi.com.au/fileadmin/_processed_/7/d/csm_ALN1726-2_1x1_BABYCARE_228x128_6_11a2b1eaad.jpg
baby/baby-food/,Mamia Baby Food 6 Months+ 120g,ea,89.0c,74c per 100g,https://www.aldi.com.au/fileadmin/_processed_/d/2/csm_ALN3077_BABY-FOOD_1x1_228x128_6_f49ac9d357.jpg
baby/baby-food/,Mamia Fruit Snack Cereal Bars Apple 12+ months 8pk 128g,8pk,2.79,$2.18 per 100g,https://www.aldi.com.au/fileadmin/_processed_/3/9/csm_ALN3077_BABY-FOOD_1x1_228x128__22705daf2f.jpg
baby/baby-food/,"Mamia Fruit Snack Cereal Bars Apple, Blueberry & Banana 12+ months 8pk 128g",8pk,2.79,$2.18 per 100g,https://www.aldi.com.au/fileadmin/_processed_/0/f/csm_ALN3077_BABY-FOOD_1x1_228x128_2_e2c70a0032.jpg
baby/baby-food/,Mamia Fruit Snack Cereal Bars Apple & Raspberry 12+ months 8pk 128g,8pk,2.79,$2.18 per 100g,https://www.aldi.com.au/fileadmin/_processed_/b/2/csm_ALN3077_BABY-FOOD_1x1_228x128_3_a2af7a0934.jpg
baby/baby-food/,Mamia Fruit & Oat Bars 90g - Strawberry 12+ Months,N/A,2.99,$3.32 per 100g,https://www.aldi.com.au/fileadmin/_processed_/7/b/csm_ALN1726-2_1x1_BABYCARE_228x128_10_b7583c7371.jpg
baby/baby-food/,Mamia Fruit & Oat Bars 90g - Apple & Raisin with Yogurt 12+ Months,N/A,2.99,$3.32 per 100g,https://www.aldi.com.au/fileadmin/_processed_/1/f/csm_ALN1726-2_1x1_BABYCARE_228x128_11_9425bc2423.jpg
baby/baby-food/,Mamia Fruit & Oat Bars 90g - Apricot 12+ Months,N/A,2.99,$3.32 per 100g,https://www.aldi.com.au/fileadmin/_processed_/a/b/csm_ALN1726-2_1x1_BABYCARE_228x128_12_b3734ae39b.jpg
baby/baby-food/,Mamia Organic Apple Mini Rice Cakes 40g,N/A,2.49,$6.23 per 100g,https://www.aldi.com.au/fileadmin/_processed_/2/5/csm_ALN3077_BABY-FOOD_1x1_228x128_4_e5faa35b4b.jpg
baby/baby-food/,Mamia Organic Raspberry Mini Rice Cakes 40g,N/A,2.49,$6.23 per 100g,https://www.aldi.com.au/fileadmin/_processed_/8/6/csm_ALN3077_BABY-FOOD_1x1_228x128_5_df85b20479.jpg
baby/baby-food/,Mamia Infant Formula Toddler Step 3 900g,N/A,12.99,$1.44 per 100g,https://www.aldi.com.au/fileadmin/_processed_/d/1/csm_ALC7717_1x1_228x128_3-GOLD_5bd95ff563.jpg
baby/baby-food/,Mamia Organic Fruit 4 months+ 120g,ea,1.29,$1.08 per 100g,https://www.aldi.com.au/fileadmin/_processed_/f/f/csm_ALN2934-1_SS_1x1_228x128_NOVEMBER_19_8a616a7211.jpg
liquor/beer-cider/,Storm Brewing Co. Premium Light Lager 6 x 330mL,N/A,7.99,N/A,https://www.aldi.com.au/fileadmin/_processed_/6/9/csm_ALN2364_AWARDS_BEER_1x1_228x128_9_36178c103b.jpg
liquor/beer-cider/,Storm Brewing Co. Premium Super Dry Beer 6 x 330mL,N/A,9.99,N/A,https://www.aldi.com.au/fileadmin/_processed_/4/0/csm_ALN2364_AWARDS_BEER_1x1_228x128_10_37ada1dcdd.jpg
liquor/beer-cider/,Fraser Briggs Premium Lager 6 x 330mL,N/A,9.99,N/A,https://www.aldi.com.au/fileadmin/_processed_/2/3/csm_ALN2364_AWARDS_BEER_1x1_228x128_11_6f44120903.jpg
liquor/beer-cider/,Cape Cyan Natural Blonde Beer 6 x 330mL,N/A,9.99,N/A,https://www.aldi.com.au/fileadmin/_processed_/2/d/csm_ALN2364_AWARDS_BEER_1x1_228x128_12_2403b16355.jpg
liquor/beer-cider/,Sainte Etienne Premium Lager 6 x 330mL,N/A,8.99,N/A,https://www.aldi.com.au/fileadmin/_processed_/e/7/csm_ALN2364_AWARDS_BEER_1x1_228x128_13_ceafcb40c3.jpg
liquor/beer-cider/,Rivet Gold 12pk,see price in store*,8.99,N/A,https://www.aldi.com.au/fileadmin/_processed_/2/0/csm_ALN2364_AWARDS_BEER_1x1_228x128_2_884fd8c00f.jpg
liquor/beer-cider/,North of Nowhere Pale Ale 12 x 330mL,see price in store*,8.99,N/A,https://www.aldi.com.au/fileadmin/_processed_/a/a/csm_ALN2364_AWARDS_BEER_1x1_228x128_7_fabc1c9f7f.jpg
liquor/beer-cider/,Storm Brewing Co. Premium Light Lager 24 x 330mL,see price in store*,8.99,N/A,https://www.aldi.com.au/fileadmin/_processed_/d/d/csm_ALN2364_AWARDS_BEER_1x1_228x128_6_cedc9c5ea8.jpg
liquor/beer-cider/,Carlton Dry 12 x 330ml,N/A,24.99,N/A,https://www.aldi.com.au/fileadmin/_processed_/1/c/csm_ALN2362_Calton_Dry_12x330mL_1x1_228x128_a41aa34356.jpg
liquor/beer-cider/,Coopers Original Pale Ale 12 x 375mL,see price in store*,24.99,N/A,https://www.aldi.com.au/fileadmin/_processed_/c/c/csm_ALN1075_BEER_CIDER_UPDATES_1x1_228x128__416147f988.jpg
liquor/beer-cider/,Corona Lager 12 x 355mL,see price in store*,24.99,N/A,https://www.aldi.com.au/fileadmin/_processed_/d/8/csm_ALN1075_BEER_CIDER_UPDATES_1x1_228x128_3_f040630b0f.jpg
liquor/beer-cider/,Rivet Lager 24 x 330mL,see price in store*,24.99,N/A,https://www.aldi.com.au/fileadmin/_processed_/0/c/csm_ALN2364_AWARDS_BEER_1x1_228x128_14_129e6e3840.jpg
liquor/beer-cider/,Sainte Etienne Premium Lager 24 x 330mL,see price in store*,24.99,N/A,https://www.aldi.com.au/fileadmin/_processed_/a/f/csm_ALN2364_AWARDS_BEER_1x1_228x128_8_adf8052fae.jpg
liquor/beer-cider/,Fraser Briggs Premium Lager 24 x 330mL,see price in store*,24.99,N/A,https://www.aldi.com.au/fileadmin/_processed_/8/0/csm_ALN2364_AWARDS_BEER_1x1_228x128_4_17f3ceac09.jpg
liquor/champagne-sparkling/,Monsigny Champagne Brut NV 750ml,N/A,22.99,N/A,https://www.aldi.com.au/fileadmin/_processed_/3/d/csm_ALN2364_AWARDS_CHAMPAGNE_SPARKLING_1x1_228x128__928a42594a.jpg
liquor/champagne-sparkling/,Veuve Olivier French Sparkling Wine NV 750ml,N/A,7.49,N/A,https://www.aldi.com.au/fileadmin/_processed_/8/8/csm_ALN2670_Q1_WEB_AUDIT__CHAMPAGNE_SPARKLING__1x1_228x128__cc94bfc416.jpg
liquor/champagne-sparkling/,South Point Estate Sparkling Chardonnay Pinot Noir NV 750ml,N/A,4.99,N/A,https://www.aldi.com.au/fileadmin/_processed_/2/9/csm_ALN3077_AWARD_SPARKLING-CHAMPAGNE_1x1_228x128__6fc1c8e364.jpg
liquor/wine/,Blackstone Paddock Barossa Valley Shiraz 750ml,N/A,17.99,N/A,https://www.aldi.com.au/fileadmin/_processed_/8/2/csm_ALN2364_AWARDS_WINE_1x1_228x128_25_b36c1fff42.jpg
liquor/wine/,Blackstone Paddock “The Player” Barossa Valley Shiraz 750ml,N/A,12.99,N/A,https://www.aldi.com.au/fileadmin/_processed_/d/1/csm_ALN2364_AWARDS_WINE_1x1_228x128_28_311a11399e.jpg
liquor/beer-cider/,Cape Cyan Natural Blonde Beer 24 x 330mL,see price in store*,24.99,N/A,https://www.aldi.com.au/fileadmin/_processed_/3/d/csm_ALN2364_AWARDS_BEER_1x1_228x128_5_01f44534ae.jpg
liquor/beer-cider/,Storm Brewing Co. Premium Super Dry Beer 24 x 330mL,see price in store*,24.99,N/A,https://www.aldi.com.au/fileadmin/_processed_/8/4/csm_ALN2364_AWARDS_BEER_1x1_228x128_3_9db37b2406.jpg
liquor/beer-cider/,Renberg Apple Cider 500mL,N/A,2.99,N/A,https://www.aldi.com.au/fileadmin/_processed_/a/f/csm_ALC7718_LIQUOR_1x1_228x128_8_01_de40797e89.jpg
liquor/beer-cider/,Storm Brewing Co. Apple Cider 10 x 375mL,N/A,16.99,N/A,https://www.aldi.com.au/fileadmin/_processed_/c/d/csm_ALN2957_CIDER_UPDATE_1x1_228x128_c3563e55c1.jpg
liquor/beer-cider/,Devil’s Orchard Apple Cider 6 x 330mL,N/A,9.99,N/A,https://www.aldi.com.au/fileadmin/_processed_/f/b/csm_ALN2230_Q1_BEER-CIDER_1x1_228x128_3_723fb2b531.jpg
liquor/beer-cider/,Devil's Orchard Pear Cider 6 x 330mL,N/A,9.99,N/A,https://www.aldi.com.au/fileadmin/_processed_/3/8/csm_ALN2230_Q1_BEER-CIDER_1x1_228x128_4_0beae926c1.jpg
baby/nappies-and-wipes/,MAMIA® Unisex Newborn Nappies,N/A,3.99,14c per nappy,https://www.aldi.com.au/fileadmin/_processed_/2/7/csm_ALN3077_AWARD_NAPPIES_1x1_228x128__f9bd3e8363.jpg
baby/nappies-and-wipes/,MAMIA® Unisex Infant Nappies 4kg-8kg 56pk,56pk,9.99,18c per nappy,https://www.aldi.com.au/fileadmin/_processed_/4/e/csm_ALN3077_AWARD_NAPPIES_1x1_228x128_2_9895863bf6.jpg
baby/nappies-and-wipes/,MAMIA® Unisex Crawler Nappies 6kg-11kg 56pk,56pk,9.99,18c per nappy,https://www.aldi.com.au/fileadmin/_processed_/6/d/csm_ALN3077_AWARD_NAPPIES_1x1_228x128_3_3e8bd649f8.jpg
liquor/champagne-sparkling/,Corte Carista Prosecco DOC NV 750ml,N/A,9.99,N/A,https://www.aldi.com.au/fileadmin/_processed_/a/9/csm_ALN2364_AWARDS_CHAMPAGNE_SPARKLING_1x1_228x128_4_4b683a81a2.jpg
liquor/champagne-sparkling/,Yellowglen Chardonnay Pinot Noir Prosecco Rosé 750ml,N/A,7.99,N/A,https://www.aldi.com.au/fileadmin/_processed_/6/1/csm_ALN3077_SPARKLING-CHAMPAGNE_1x1_228x128__98a8aa8761.jpg
liquor/champagne-sparkling/,Yellowglen Chardonnay Pinot Noir & Prosecco 750ml,N/A,7.99,N/A,https://www.aldi.com.au/fileadmin/_processed_/b/e/csm_ALN2230_Q1_CHAMPAGNE-SPARKLING_1x1_228x128__2ec4740364.jpg
liquor/champagne-sparkling/,Claire Creek Sparkling Moscato NV 750ml,N/A,3.99,N/A,https://www.aldi.com.au/fileadmin/_processed_/8/9/csm_ALN2230_Q1_CHAMPAGNE-SPARKLING_1x1_228x128_3_37d3592e25.jpg
liquor/champagne-sparkling/,Claire Creek Sparkling Moscato Rosa NV 750ml,N/A,3.99,N/A,https://www.aldi.com.au/fileadmin/_processed_/6/7/csm_ALN2619_Q4_WEB_AUDIT_CHAMPAGNE_SPARKLING_1x1_228x128_2_887704e120.jpg
liquor/wine/,The Tudor Central Victorian Shiraz 750ml,N/A,12.99,N/A,https://www.aldi.com.au/fileadmin/_processed_/5/9/csm_ALN2670_Q1_WEB_AUDIT__WINE__1x1_228x128_4_5832f4406b.jpg
liquor/wine/,A.C. Byrne & Co McLaren Vale Shiraz 750ml,N/A,9.99,N/A,https://www.aldi.com.au/fileadmin/_processed_/7/f/csm_ALN2670_Q1_WEB_AUDIT__WINE__1x1_228x128__9b22f47723.jpg
liquor/wine/,One Road South Australia & Heathcote Shiraz 750ml,N/A,7.49,N/A,https://www.aldi.com.au/fileadmin/_processed_/b/e/csm_ALN2364_AWARDS_WINE_1x1_228x128__9594f24e9c.jpg
liquor/wine/,Taylors Special Release Clare Valley Shiraz 750ml,N/A,14.99,N/A,https://www.aldi.com.au/fileadmin/_processed_/c/a/csm_ALN2619_Q4_WEB_AUDIT_WINE_1x1_228x128_4_b29f70e18b.jpg
liquor/beer-cider/,Somersby Apple Cider 10 x 330mL,see price in store*,9.99,N/A,https://www.aldi.com.au/fileadmin/_processed_/0/3/csm_ALN2230_Q1_BEER-CIDER_1x1_228x128_2_031423051d.jpg
liquor/beer-cider/,Renberg Swedish Pear Cider 500mL,N/A,2.99,N/A,https://www.aldi.com.au/fileadmin/_processed_/2/f/csm_ALN2230_Q1_BEER-CIDER_1x1_228x128__47599e02cb.jpg
liquor/beer-cider/,Leo Imported Lager 12 x 330mL,N/A,18.99,N/A,https://www.aldi.com.au/fileadmin/_processed_/d/7/csm_ALN2364_AWARDS_BEER_1x1_228x128__b4e89e74c3.jpg
baby/nappies-and-wipes/,MAMIA® Unisex Toddler Nappies 10kg-15kg 50pk,50pk,9.99,20c per nappy,https://www.aldi.com.au/fileadmin/_processed_/7/5/csm_ALN3077_AWARD_NAPPIES_1x1_228x128_4_4488933568.jpg
baby/nappies-and-wipes/,MAMIA® Unisex Walker Nappies 13kg-18kg 44pk,44pk,9.99,23c per nappy,https://www.aldi.com.au/fileadmin/_processed_/b/3/csm_ALN3077_AWARD_NAPPIES_1x1_228x128_5_24d1115ec7.jpg
baby/nappies-and-wipes/,MAMIA® Unisex Junior Nappies 16kg-25kg 40pk,40pk,9.99,25c per nappy,https://www.aldi.com.au/fileadmin/_processed_/5/c/csm_ALN3077_AWARD_NAPPIES_1x1_228x128_6_26cfa6aa0e.jpg
baby/nappies-and-wipes/,Mamia Baby Wipes 80pk Scented,N/A,1.8900000000000001,$2.36 per 100 wipes,https://www.aldi.com.au/fileadmin/_processed_/e/3/csm_ALN2147_1x1_BABYCARE_228x128_11_0696c97eb3.jpg
liquor/champagne-sparkling/,Vallée Des Secrets Sparkling Cuvée NV 750ml,N/A,12.99,N/A,https://www.aldi.com.au/fileadmin/_processed_/5/a/csm_ALN2364_AWARDS_CHAMPAGNE_SPARKLING_1x1_228x128_8_8231f04af7.jpg
liquor/wine/,Small Talk Shiraz 1L,N/A,5.99,N/A,https://www.aldi.com.au/fileadmin/_processed_/4/8/csm_ALN2230_Q1_WINE_1x1_228x128_23_8e2533e7ac.jpg
liquor/wine/,Precious Earth Shiraz  750ml,N/A,2.99,N/A,https://www.aldi.com.au/fileadmin/_processed_/8/8/csm_ALN2230_Q1_WINE_1x1_228x128_4_9e01fa9953.jpg
liquor/wine/,Blackstone Paddock Margaret River Cabernet Sauvignon 750ml,N/A,17.99,N/A,https://www.aldi.com.au/fileadmin/_processed_/5/0/csm_ALN2364_AWARDS_WINE_1x1_228x128_38_R_6c60c92e9a.jpg
liquor/wine/,Vinology McLaren Vale Organic Cabernet Sauvignon 750ml,N/A,11.99,N/A,https://www.aldi.com.au/fileadmin/_processed_/2/4/csm_ALN3077_AWARD_WINE_1x1_228x128_3_3be3a71768.jpg
liquor/wine/,The Pond Cabernet Sauvignon 750ml,N/A,6.99,N/A,https://www.aldi.com.au/fileadmin/_processed_/f/b/csm_ALN2619_Q4_WEB_AUDIT_WINE_1x1_228x128__e0dc68a7e7.jpg
baby/nappies-and-wipes/,Mamia Baby Wipes 80pk Fragrance Free,N/A,1.8900000000000001,$2.36 per 100 wipes,https://www.aldi.com.au/fileadmin/_processed_/5/c/csm_ALN2147_1x1_BABYCARE_228x128_10_979bd6d5c5.jpg
baby/nappies-and-wipes/,Mamia Premium Baby Wipes Fragrance Free 240pk,N/A,7.6899999999999995,$3.20 per 100 wipes,https://www.aldi.com.au/fileadmin/_processed_/a/f/csm_ALN1075_1x1_BABY_228x128_7_0bde3ee9ed.jpg
baby/nappies-and-wipes/,Mamia Baby Wipes 480pk Fragance free,N/A,8.99,$1.87 per 100 wipes,https://www.aldi.com.au/fileadmin/_processed_/d/c/csm_ALN1075_1x1_BABY_228x128_16_1043a94144.jpg
baby/nappies-and-wipes/,Mamia Baby Wipes Embossed Fragrance Free 80pk,N/A,2.69,$3.36 per 100 wipes,https://www.aldi.com.au/fileadmin/_processed_/8/6/csm_ALN1075_AWARDS_BABY_1x1_228x128_3_e251882b00.jpg
baby/nappies-and-wipes/,Mamia Baby Wipes Embossed Scented 80pk,N/A,2.69,$3.36 per 100 wipes,https://www.aldi.com.au/fileadmin/_processed_/5/f/csm_ALN1075_AWARDS_BABY_1x1_228x128_4_be73fb2f2c.jpg
liquor/wine/,The Venturer Series Durif 750ml,N/A,8.99,N/A,https://www.aldi.com.au/fileadmin/_processed_/5/4/csm_ALN3077_AWARD_WINE_1x1_228x128_2_54d069ebcc.jpg
liquor/wine/,Coraggioso Nero D’Avola 750ml,N/A,5.99,N/A,https://www.aldi.com.au/fileadmin/_processed_/1/2/csm_ALN2619_Q4_WEB_AUDIT_WINE_1x1_228x128_3_6e653cf1d4.jpg
liquor/wine/,Luis Felipe Edwards Classic Carménère 750ml,N/A,5.99,see price in store*,https://www.aldi.com.au/fileadmin/_processed_/2/0/csm_ALN2230_Q1_WINE_1x1_228x128_19_48d9129b27.jpg
liquor/wine/,Piedra Negra Argentinian Malbec 750ml,N/A,10.99,N/A,https://www.aldi.com.au/fileadmin/_processed_/1/a/csm_ALN2230_Q1_WINE_1x1_228x128_20_2fd1363801.jpg
liquor/wine/,El Toro Macho Reserva 750ml,N/A,8.99,N/A,https://www.aldi.com.au/fileadmin/_processed_/f/7/csm_ALN2670_Q1_WEB_AUDIT__WINE__1x1_228x128_11_962ab84241.jpg
liquor/wine/,Château Les Maurins Bordeaux Merlot & Cabernet Sauvignon 750ml,N/A,9.99,N/A,https://www.aldi.com.au/fileadmin/_processed_/a/2/csm_ALN2230_Q1_WINE_1x1_228x128_6_9612441fa5.jpg
liquor/wine/,The Tudor Yarra Valley Pinot Noir 750ml,N/A,12.99,N/A,https://www.aldi.com.au/fileadmin/_processed_/8/9/csm_ALN2670_Q1_WEB_AUDIT__WINE__1x1_228x128_2_e815e549d3.jpg
liquor/wine/,Kaiora Bay Reserve Central Otago Pinot Noir 750ml,N/A,14.99,N/A,https://www.aldi.com.au/fileadmin/_processed_/4/3/csm_ALN2364_AWARDS_WINE_1x1_228x128_24_4267b5f4f7.jpg
liquor/wine/,One Road Goulburn Valley & King Valley Cabernet Merlot 750ml,N/A,7.49,N/A,https://www.aldi.com.au/fileadmin/_processed_/b/0/csm_ALN2364_AWARDS_WINE_1x1_228x128_2_ecf87a2660.jpg
liquor/wine/,Corte Carista Chianti Superiore DOC 750ml,N/A,10.99,N/A,https://www.aldi.com.au/fileadmin/_processed_/7/b/csm_ALN2670_Q1_WEB_AUDIT__WINE__1x1_228x128_10_f2556de9a7.jpg
liquor/wine/,Claire Creek Merlot 750ml,N/A,10.99,see price in store*,https://www.aldi.com.au/fileadmin/_processed_/e/d/csm_ALN2364_AWARDS_WINE_1x1_228x128_16_163d219caf.jpg
liquor/wine/,Little Birdwood Cabernet Shiraz Merlot 750ml,N/A,4.99,N/A,https://www.aldi.com.au/fileadmin/_processed_/3/c/csm_ALN2230_Q1_WINE_1x1_228x128_5_a32a20f19e.jpg
liquor/wine/,A.C. Byrne & Co Margaret River Cabernet Merlot 750ml,N/A,9.99,N/A,https://www.aldi.com.au/fileadmin/_processed_/4/f/csm_ALN2670_Q1_WEB_AUDIT__WINE__1x1_228x128_3_ad21456ccb.jpg
liquor/wine/,El Toro Macho Tempranillo Bobal 750ml,N/A,5.99,N/A,https://www.aldi.com.au/fileadmin/_processed_/e/e/csm_ALN2364_AWARDS_WINE_1x1_228x128_20_6d38c1a89c.jpg
liquor/wine/,Pájaro de Buen Agüero Old Vines Garnacha 750ml,750ml,9.99,N/A,https://www.aldi.com.au/fileadmin/_processed_/b/5/csm_ALN2853_WINE_1x1_228x128_2_3b8e86343f.jpg
liquor/wine/,Little Birdwood Sweet Red 750ml,N/A,4.99,N/A,https://www.aldi.com.au/fileadmin/_processed_/e/2/csm_ALN2230_Q1_WINE_1x1_228x128_18_32872f20da.jpg
liquor/wine/,François Lurton La Mule Provence Rosé 750ml,N/A,10.99,N/A,https://www.aldi.com.au/fileadmin/_processed_/f/3/csm_ALN2619_Q4_WEB_AUDIT_WINE_1x1_228x128_7_313f3182cf.jpg
liquor/wine/,South Point Estate Rosé 750ml,N/A,4.99,N/A,https://www.aldi.com.au/fileadmin/_processed_/4/5/csm_ALN2364_AWARDS_WINE_1x1_228x128_17_5267f5758e.jpg
liquor/wine/,Loire Valley Cabernet Franc Rosé 750ml,N/A,8.49,N/A,https://www.aldi.com.au/fileadmin/_processed_/3/b/csm_ALN3077_WINE_1x1_228x128_2_0a678b7cc6.jpg
liquor/wine/,South Point Estate Pink Moscato 750ml,N/A,4.99,N/A,https://www.aldi.com.au/fileadmin/_processed_/8/e/csm_ALN3077_AWARD_WINE_1x1_228x128__de0d89282e.jpg
liquor/wine/,Sandara Sparkling Sangria 750ml,N/A,7.49,N/A,https://www.aldi.com.au/fileadmin/_processed_/f/5/csm_ALN2230_Q1_WINE_1x1_228x128_21_a10a6f0fd8.jpg
liquor/wine/,Keeper’s Glove Tawny NV 750ml,N/A,4.99,N/A,https://www.aldi.com.au/fileadmin/_processed_/2/0/csm_ALN1075_1x1_LIQUOR_228x128_WINE___7606a0c367.jpg
liquor/wine/,Albertson's Reserve Soft Dry Red Cask 4L,N/A,9.99,N/A,https://www.aldi.com.au/fileadmin/_processed_/2/f/csm_ALN2670_Q1_WEB_AUDIT__WINE__1x1_228x128_12_2534d8a6ca.jpg
liquor/wine/,Brooke James Vintners Shiraz Cask 2L,N/A,8.99,N/A,https://www.aldi.com.au/fileadmin/_processed_/b/7/csm_ALC7440_1x1_228x128_3_9346512dbd.jpg
liquor/wine/,Brooke James Vitners Premium Cabernet Merlot Cask 2L,N/A,8.99,N/A,https://www.aldi.com.au/fileadmin/_processed_/1/0/csm_ALN2230_Q1_WINE_1x1_228x128_13_c6ecacf9ed.jpg
liquor/wine/,A.C. Byrne & Co Margaret River Chardonnay 750ml,N/A,9.99,N/A,https://www.aldi.com.au/fileadmin/_processed_/b/f/csm_ALN2670_Q1_WEB_AUDIT__WINE__1x1_228x128_5_48e5246a77.jpg
liquor/wine/,Precious Earth Chardonnay 750ml,N/A,2.99,N/A,https://www.aldi.com.au/fileadmin/_processed_/6/8/csm_ALN2364_AWARDS_WINE_1x1_228x128_32_86d2b3f3ed.jpg
liquor/wine/,One Road Chardonnay 750ml,N/A,7.49,N/A,https://www.aldi.com.au/fileadmin/_processed_/8/8/csm_ALN0550_1x1_Q1-UPDATE_228x128_37282565f9.jpg
liquor/wine/,Grands Les Maurins Bordeaux Sauvignon Blanc 750ml,N/A,7.99,N/A,https://www.aldi.com.au/fileadmin/_processed_/a/a/csm_ALN3077_WINE_1x1_228x128__6a60a9af0a.jpg
liquor/wine/,South Point Estate Sauvignon Blanc 750ml,N/A,4.99,N/A,https://www.aldi.com.au/fileadmin/_processed_/2/7/csm_ALN2619_Q4_WEB_AUDIT_WINE_1x1_228x128_8_4cb3e97615.jpg
liquor/wine/,Kaiora Bay Marlborough Sauvignon Blanc 750ml,N/A,8.99,N/A,https://www.aldi.com.au/fileadmin/_processed_/4/5/csm_ALN3077_NON-AWARD_WINE_1x1_228x128__f43377e74c.jpg
liquor/wine/,Loire Valley Sauvignon Blanc 750ml,N/A,8.49,N/A,https://www.aldi.com.au/fileadmin/_processed_/9/e/csm_ALN2364_AWARDS_WINE_1x1_228x128_34_R_389343e025.jpg
liquor/wine/,Neve Marlborough/Hawkes Bay Sauvignon Blanc 750ml,N/A,6.49,N/A,https://www.aldi.com.au/fileadmin/_processed_/d/4/csm_ALN2670_Q1_WEB_AUDIT__WINE__1x1_228x128_6_4b552e9f95.jpg
liquor/wine/,Kaiora Bay Reserve Marlborough Sauvignon Blanc 750ml,N/A,12.99,N/A,https://www.aldi.com.au/fileadmin/_processed_/9/3/csm_ALN3077_NON-AWARD_WINE_1x1_228x128_2_21f2dc5c66.jpg
liquor/wine/,A.C. Byrne & Co Margaret River Sauvignon Blanc Semillon 750ml,N/A,7.99,N/A,https://www.aldi.com.au/fileadmin/_processed_/b/0/csm_ALN2670_Q1_WEB_AUDIT__WINE__1x1_228x128_8_10149e5fcc.jpg
liquor/wine/,Little Birdwood Semillon Sauvignon Blanc 750ml,N/A,4.99,N/A,https://www.aldi.com.au/fileadmin/_processed_/0/8/csm_ALN3077_NON-AWARD_WINE_1x1_228x128_3_dfd0e8482e.jpg
liquor/wine/,Precious Earth Semillon Sauvignon Blanc 750ml,N/A,2.99,N/A,https://www.aldi.com.au/fileadmin/_processed_/5/7/csm_ALN2230_Q1_WINE_1x1_228x128_8_e4225409dc.jpg
liquor/wine/,"Freya & Jules Watervale, Clare Valley Riesling 750ml",N/A,8.99,N/A,https://www.aldi.com.au/fileadmin/_processed_/9/7/csm_ALN2364_AWARDS_WINE_1x1_228x128_37_fec9d86a8c.jpg
fresh-produce/dairy-eggs/,Farmdale Lactose Free Full Cream Milk 1L,N/A,1.99,$1.99 per litre,https://www.aldi.com.au/fileadmin/_processed_/0/9/csm_ALN3077_DAIRY-EGGS_1x1_228x128__3b333d29cc.jpg
fresh-produce/dairy-eggs/,Farmdale RAM Coffee Flavoured Milk 2L,N/A,3.49,$1.75 per litre,https://www.aldi.com.au/fileadmin/_processed_/1/f/csm_ALN2364_AWARDS_DAIRY_1x1_228x128_20_e960ed0521.jpg
liquor/wine/,Villa Elsa Pinot Grigio DOC Delle Venezie 750ml,750ml,6.99,N/A,https://www.aldi.com.au/fileadmin/_processed_/3/e/csm_ALN2853_WINE_1x1_228x128__43eed008e6.jpg
liquor/wine/,The Pond Pinot Grigio 750ml,N/A,6.99,N/A,https://www.aldi.com.au/fileadmin/_processed_/0/f/csm_ALN2670_Q1_WEB_AUDIT__WINE__1x1_228x128_9_cf810d5ca5.jpg
liquor/wine/,South Point Estate Pinot Grigio 750ml,N/A,4.99,N/A,https://www.aldi.com.au/fileadmin/_processed_/6/1/csm_ALN3077_NON-AWARD_WINE_1x1_228x128_4_16344c764d.jpg
liquor/wine/,South Point Estate Moscato 750ml,N/A,4.99,N/A,https://www.aldi.com.au/fileadmin/_processed_/9/d/csm_ALN3077_NON-AWARD_WINE_1x1_228x128_5_dcc4e489e7.jpg
liquor/wine/,Brooke James Vintners Semillon Sauvignon Blanc Cask 2L,N/A,8.99,N/A,https://www.aldi.com.au/fileadmin/_processed_/e/1/csm_ALC7440_1x1_228x128_2_85bc331aa6.jpg
liquor/wine/,Albertson's Reserve Soft Fruity White Cask 4L,N/A,9.99,N/A,https://www.aldi.com.au/fileadmin/_processed_/a/e/csm_ALN2670_Q1_WEB_AUDIT__WINE__1x1_228x128_13_332929e944.jpg
fresh-produce/dairy-eggs/,Farmdale RAM Chocolate Flavoured Milk 600ml,N/A,1.99,$3.32 per Litre,https://www.aldi.com.au/fileadmin/_processed_/7/6/csm_ALN2364_AWARDS_DAIRY_1x1_228x128_21_7e6f5d587a.jpg
fresh-produce/dairy-eggs/,Farmdale RAM Iced coffee Flavoured Milk 600ml,N/A,1.99,$3.32 per Litre,https://www.aldi.com.au/fileadmin/_processed_/a/1/csm_ALN2364_AWARDS_DAIRY_1x1_228x128_22_f5b81e1162.jpg
fresh-produce/dairy-eggs/,Farmdale Full Cream Milk Powder 1kg,N/A,5.6899999999999995,$5.69 per kg,https://www.aldi.com.au/fileadmin/_processed_/a/f/csm_ALN2364_AWARDS_DAIRY_1x1_228x128_23_6a3e1e1244.jpg
fresh-produce/dairy-eggs/,Farmdale Skim Milk Powder 1kg,N/A,5.6899999999999995,$5.69 per kg,https://www.aldi.com.au/fileadmin/_processed_/2/f/csm_ALN2853_AWARDS_MILK_1x1_228x128__3f17bcfcfd.jpg
fresh-produce/dairy-eggs/,Lodge Farm Free Range Eggs 12 Pack 600g,N/A,3.99,67c per 100g,https://www.aldi.com.au/fileadmin/_processed_/7/5/csm_ALN2783_CANSTAR-AWARD-EGGS_1x1_228x128__5a6e070d9c.jpg
fresh-produce/dairy-eggs/,Lodge Farm Free Range Eggs 12 Pack 700g,12pk,4.29,61c per 100g,https://www.aldi.com.au/fileadmin/_processed_/5/e/csm_ALN2783_CANSTAR-AWARD-EGGS_1x1_228x128_2_1a1861e0ae.jpg
liquor/wine/,Albertson's Reserve Crisp Dry White Cask 4L,N/A,9.99,N/A,https://www.aldi.com.au/fileadmin/_processed_/6/e/csm_ALN2670_Q1_WEB_AUDIT__WINE__1x1_228x128_14_79f295cfa4.jpg
fresh-produce/dairy-eggs/,Just Organic Free Range Eggs 6 Pack 300g,6pk,3.99,$1.33 per 100g,https://www.aldi.com.au/fileadmin/_processed_/7/9/csm_ALN2670_Q1_WEB_AUDIT__DAIRY_EGGS__1x1_228x128_5_34abfa032d.jpg
fresh-produce/dairy-eggs/,Beautifully Butterfully Dairy Blend 500g,N/A,3.49,70c per 100g,https://www.aldi.com.au/fileadmin/_processed_/f/7/csm_ALN3077_DAIRY-EGGS_1x1_228x128_2_e706ebcac0.jpg
fresh-produce/dairy-eggs/,Just Organic Butter 250g,N/A,3.59,$1.44 per 100g,https://www.aldi.com.au/fileadmin/_processed_/6/6/csm_ALN2793_CHEESE_DAIRY_AWARDS_1x1_228x128__5f67d91c82.jpg
fresh-produce/dairy-eggs/,Beautifully Butterfully Butter 250g,N/A,2.79,$1.12 per 100g,https://www.aldi.com.au/fileadmin/_processed_/e/6/csm_ALN2364_AWARDS_DAIRY_1x1_228x128_10_eb9531b2a5.jpg
fresh-produce/dairy-eggs/,Beautifully Butterfully Unsalted Butter 250g,N/A,2.79,$1.12 per 100g,https://www.aldi.com.au/fileadmin/_processed_/1/b/csm_ALN2364_AWARDS_DAIRY_1x1_228x128_12_fa116139f5.jpg
laundry-household/laundry/,Trimat Advanced Laundry Liquid 2L – Regular,2L,7.99,$4 per litre,https://www.aldi.com.au/fileadmin/_processed_/b/b/csm_ALN3077_LAUNDRY_1x1_228x128_4_c7db956e29.jpg
laundry-household/laundry/,Trimat Advanced Laundry Liquid 2L – Sensitive,2L,7.99,$4 per litre,https://www.aldi.com.au/fileadmin/_processed_/e/7/csm_ALN3077_LAUNDRY_1x1_228x128_5_f88ed1f1dd.jpg
laundry-household/laundry/,Almat Laundry Powder Concentrate 2kg,ea,4.99,$2.50 per kg,https://www.aldi.com.au/fileadmin/_processed_/8/6/csm_ALN2364_AWARDS_HOME_CLEANING_1x1_228x128_9_e4de55715b.jpg
fresh-produce/dairy-eggs/,Emporium Selection Ash Brie 150g,N/A,4.49,$29.93 per kg,https://www.aldi.com.au/fileadmin/_processed_/2/3/csm_ALN2793_CHEESE_DAIRY_AWARDS_1x1_228x128_7_49255c4472.jpg
fresh-produce/dairy-eggs/,Emporium Selection Double Cream Camembert 200g,N/A,4.49,$22.45 per kg,https://www.aldi.com.au/fileadmin/_processed_/b/8/csm_ALN2364_AWARDS_CHEESE_1x1_228x128_2_1144bfa615.jpg
fresh-produce/dairy-eggs/,Emporium Selection Triple Cream Brie 200g,N/A,4.49,$22.45 per kg,https://www.aldi.com.au/fileadmin/_processed_/9/5/csm_ALN2364_AWARDS_CHEESE_1x1_228x128_3_c81c34a3e7.jpg
fresh-produce/dairy-eggs/,Emporium Selection Camembert 125g,N/A,2.79,$22.32 per kg,https://www.aldi.com.au/fileadmin/_processed_/b/0/csm_ALN2364_AWARDS_CHEESE_1x1_228x128_4_63d9773acf.jpg
fresh-produce/dairy-eggs/,Emporium Selection Brie 125g,N/A,2.79,$22.32 per kg,https://www.aldi.com.au/fileadmin/_processed_/b/0/csm_ALN2364_AWARDS_CHEESE_1x1_228x128_5_9bfbfcabf7.jpg
fresh-produce/dairy-eggs/,Emporium Selection Persian Fetta 180g,N/A,3.99,$22.17 per kg,https://www.aldi.com.au/fileadmin/_processed_/1/4/csm_ALN2364_AWARDS_CHEESE_1x1_228x128_6_344e6445f9.jpg
laundry-household/laundry/,Almat Laundry Liquid Concentrate 2L,ea,4.99,$2.50 per litre,https://www.aldi.com.au/fileadmin/_processed_/a/8/csm_ALN3077_LAUNDRY_1x1_228x128_3_b60ed568a8.jpg
laundry-household/laundry/,Di San Pre Wash Stain Remover 500ml – Degreaser,N/A,4.99,N/A,https://www.aldi.com.au/fileadmin/_processed_/e/f/csm_ALN2364_AWARDS_HOME_CLEANING_1x1_228x128_3_ff4a4ad151.jpg
laundry-household/laundry/,Di San Laundry Sanitiser 1L,N/A,3.69,$3.69 per Litre,https://www.aldi.com.au/fileadmin/_processed_/2/f/csm_ALN2362_Di_San_Laundry_Sanitiser_1L_1x1_228x128_0f2461ae49.jpg
laundry-household/laundry/,Anco Soft Fabric Softener 4x Concentrate 1L,N/A,3.59,$3.59 per litre,https://www.aldi.com.au/fileadmin/_processed_/9/5/csm_ALN3077_LAUNDRY_1x1_228x128_2_fb4e788e95.jpg
laundry-household/laundry/,Anco Soft Fabric Softener Concentrate 250ml,ea,99.0c,$3.96 per Litre,https://www.aldi.com.au/fileadmin/_processed_/5/7/csm_ALN2147_Q4_LAUNDRY_1x1_228x128_2_da728c616f.jpg
fresh-produce/dairy-eggs/,Emporium Selection Danish Style Fetta Cheese 200g,N/A,2.69,$13.45 per kg,https://www.aldi.com.au/fileadmin/_processed_/5/c/csm_ALN2853_AWARDS_CHEESE_1x1_228x128__55f37d65bc.jpg
fresh-produce/dairy-eggs/,Emporium Selection Greek Style Fetta Cheese 200g,N/A,2.69,$13.45 per kg,https://www.aldi.com.au/fileadmin/_processed_/0/f/csm_ALN2853_AWARDS_CHEESE_1x1_228x128_2_a4894a4e1a.jpg
fresh-produce/dairy-eggs/,Emporium Selection Cheddar Cheese Aged 20 Months 250g,N/A,3.99,$15.96 per kg,https://www.aldi.com.au/fileadmin/_processed_/7/c/csm_ALN2793_CHEESE_DAIRY_AWARDS_1x1_228x128_6_e2cefed5e9.jpg
fresh-produce/dairy-eggs/,Westacre Colby Cheese Block 500g,N/A,4.99,$9.98 per kg,https://www.aldi.com.au/fileadmin/_processed_/1/8/csm_ALN2793_CHEESE_DAIRY_AWARDS_1x1_228x128_5_9098e2447c.jpg
fresh-produce/dairy-eggs/,Cowbelle Original Cheese Slices 500g,N/A,3.69,$7.38 per kg,https://www.aldi.com.au/fileadmin/_processed_/5/e/csm_ALN2364_AWARDS_CHEESE_1x1_228x128_11_e405598d47.jpg
laundry-household/laundry/,Anco Soft Fabric Softener 2L,ea,2.79,$1.40 per Litre,https://www.aldi.com.au/fileadmin/_processed_/6/1/csm_ALN3077_LAUNDRY_1x1_228x128__7358bf01ff.jpg
laundry-household/laundry/,Green Action Laundry Liquid 1L,N/A,1.99,$1.99 per litre,https://www.aldi.com.au/fileadmin/_processed_/f/8/csm_ALN2230_Q1_LAUNDRY_1x1_228x128_7_2a94549594.jpg
laundry-household/laundry/,Green Action Wool Wash 1L,N/A,1.99,$1.99 per litre,https://www.aldi.com.au/fileadmin/_processed_/1/9/csm_ALN2230_Q1_LAUNDRY_1x1_228x128_6_c3c49badde.jpg
laundry-household/laundry/,Laundrite Laundry Liquid 2L,N/A,1.49,0.75c per Litre,https://www.aldi.com.au/fileadmin/_processed_/9/a/csm_ALN2619_Q4_WEB_AUDIT_LAUNDRY_1x1_228x128__650d15b9ec.jpg
laundry-household/laundry/,Laundrite Laundry Powder 4kg,N/A,3.69,0.92c per kg,https://www.aldi.com.au/fileadmin/_processed_/a/6/csm_ALN2619_Q4_WEB_AUDIT_LAUNDRY_1x1_228x128_2_b0a7d7c968.jpg
fresh-produce/dairy-eggs/,Cowbelle Light Cheese Slices 500g,N/A,3.69,$7.38 per kg,https://www.aldi.com.au/fileadmin/_processed_/9/9/csm_ALN2364_AWARDS_CHEESE_1x1_228x128_12_6d8e2bed93.jpg
fresh-produce/dairy-eggs/,Westacre Vintage Cheese Slices 12pk/250g,N/A,3.99,$15.96 per kg,https://www.aldi.com.au/fileadmin/_processed_/f/d/csm_ALN2793_CHEESE_DAIRY_AWARDS_1x1_228x128_8_414f0b0ccd.jpg
fresh-produce/dairy-eggs/,Westacre Tasty Cheese Slices 250g,N/A,3.99,$15.96 per kg,https://www.aldi.com.au/fileadmin/_processed_/7/c/csm_ALN2793_CHEESE_DAIRY_AWARDS_1x1_228x128_9_7f83b92ef6.jpg
fresh-produce/dairy-eggs/,Manhattan Cottage Cheese 500g,N/A,3.79,$7.58 per kg,https://www.aldi.com.au/fileadmin/_processed_/f/5/csm_ALN2853_AWARDS_CHEESE_1x1_228x128_4_03b377115d.jpg
fresh-produce/dairy-eggs/,Emporium Selection Smooth Ricotta 375g,N/A,2.69,$7.17 per kg,https://www.aldi.com.au/fileadmin/_processed_/1/6/csm_ALN2364_AWARDS_CHEESE_1x1_228x128_10_487a26440c.jpg
fresh-produce/dairy-eggs/,Emporium Selection Apricot & Almond Cream Cheese 200g,N/A,2.89,$14.45 per kg,https://www.aldi.com.au/fileadmin/_processed_/7/2/csm_ALN2853_AWARDS_CHEESE_1x1_228x128_5_45551ddf4a.jpg
fresh-produce/dairy-eggs/,Farmdale Thickened Cream 600ml,N/A,2.99,50c per 100ml,https://www.aldi.com.au/fileadmin/_processed_/d/9/csm_ALN2364_AWARDS_DAIRY_1x1_228x128_14_03712df03e.jpg
fresh-produce/dairy-eggs/,Farmdale Thickened Light Cream 300ml,N/A,1.8900000000000001,63c per 100ml,https://www.aldi.com.au/fileadmin/_processed_/1/9/csm_ALN2364_AWARDS_DAIRY_1x1_228x128_15_f5eb5d9b56.jpg
fresh-produce/dairy-eggs/,Farmdale Double Cream 300ml,N/A,3.69,$1.23 per 100ml,https://www.aldi.com.au/fileadmin/_processed_/4/f/csm_ALN2364_AWARDS_DAIRY_1x1_228x128_13_66f9076d8f.jpg
fresh-produce/dairy-eggs/,Farmdale Sour Cream 300ml,N/A,2.09,70c per 100g,https://www.aldi.com.au/fileadmin/_processed_/f/1/csm_ALN2364_AWARDS_DAIRY_1x1_228x128_16_e1d1fc1d27.jpg
fresh-produce/dairy-eggs/,Farmdale Light Sour Cream 300ml,N/A,2.09,70c per 100g,https://www.aldi.com.au/fileadmin/_processed_/2/9/csm_ALN2364_AWARDS_DAIRY_1x1_228x128_17_3246ca45dc.jpg
fresh-produce/dairy-eggs/,Lyttos Greek Style Natural Yogurt 2kg,N/A,8.79,44c per 100g,https://www.aldi.com.au/fileadmin/_processed_/b/8/csm_ALN2745_Q2_WEB_AUDIT__DAIRY__1x1_228x128_2_badbe656cf.jpg
fresh-produce/dairy-eggs/,Brooklea Joi Mango Yogurt 1kg,N/A,3.19,32c per 100g,https://www.aldi.com.au/fileadmin/_processed_/f/f/csm_ALN2793_CHEESE_DAIRY_AWARDS_1x1_228x128_2_696592e9d0.jpg
fresh-produce/dairy-eggs/,Brooklea Joi Mixed Berry Yogurt 1kg,N/A,3.19,32c per 100g,https://www.aldi.com.au/fileadmin/_processed_/5/2/csm_ALN2793_CHEESE_DAIRY_AWARDS_1x1_228x128_3_cdadae755f.jpg
fresh-produce/dairy-eggs/,Brooklea Family Lite Yogurt 1kg,N/A,3.19,30c per 100g,https://www.aldi.com.au/fileadmin/_processed_/e/c/csm_ALN2670_Q1_WEB_AUDIT__DAIRY_EGGS__1x1_228x128__28d1e720d4.jpg
laundry-household/household/,Power Force Gel Toilet Discs 75ml,N/A,4.99,$6.65 per 100ml,https://www.aldi.com.au/fileadmin/_processed_/0/4/csm_ALN2364_AWARDS_HOME_CLEANING_1x1_228x128__df81e22722.jpg
laundry-household/household/,Power Force Anti Bac Plus Surface Spray Disinfectant 300g,N/A,3.69,$1.23 per 100g,https://www.aldi.com.au/fileadmin/_processed_/3/4/csm_ALN2619_Q4_WEB_AUDIT_HOUSEHOLD_1x1_228x128_7_R_79e17b707d.jpg
laundry-household/household/,Logix Complete Dishwashing Tablets 30pk,N/A,4.29,14c per tablet,https://www.aldi.com.au/fileadmin/_processed_/0/d/csm_ALN2670_Q1_WEB_AUDIT__HOUSEHOLD__1x1_228x128_2_bbfad0336b.jpg
laundry-household/household/,Logix Platinum Dishwashing Tablets 40pk,N/A,7.6899999999999995,19c per tablet,https://www.aldi.com.au/fileadmin/_processed_/f/e/csm_ALN2670_Q1_WEB_AUDIT__HOUSEHOLD__1x1_228x128__d1513af66a.jpg
fresh-produce/dairy-eggs/,Just Organic Natural Yogurt 1kg,N/A,4.99,50c per 100g,https://www.aldi.com.au/fileadmin/_processed_/4/5/csm_ALN2218_Q2_Just_Organic_Natural_Yoghurt_1kg_1x1_228x128_b88be6036a.jpg
fresh-produce/dairy-eggs/,Just Organic Vanilla Bean Yogurt 1kg,N/A,4.99,50c per 100g,https://www.aldi.com.au/fileadmin/_processed_/5/4/csm_ALN2218_Q2_Just_Organic_Vanilla_Bean_Yoghurt_1kg_1x1_228x128_012c537839.jpg
fresh-produce/dairy-eggs/,Dairy Dream Blueberry Fruit Swirled Yogurt 720g,N/A,3.99,55c per 100g,https://www.aldi.com.au/fileadmin/_processed_/c/d/csm_ALN2793_CHEESE_DAIRY_AWARDS_1x1_228x128_4_ccb7e22462.jpg
fresh-produce/dairy-eggs/,Dairy Dream Greek Style Yogurt No Added Sugar 750g ,N/A,4.99,67c per 100g,https://www.aldi.com.au/fileadmin/_processed_/3/6/csm_ALN2364_AWARDS_DAIRY_1x1_228x128_3_67d89a4030.jpg
fresh-produce/dairy-eggs/,Dairy Dream Premiere Passionfruit Yogurt 4 x 115g,N/A,3.19,69c per 100g,https://www.aldi.com.au/fileadmin/_processed_/6/0/csm_ALN2364_AWARDS_DAIRY_1x1_228x128_2_ba93fc6fe8.jpg
laundry-household/household/,Atlas Kill & Protect High Performance Surface & Cockroach Spray 350g,N/A,2.69,77c per 100g,https://www.aldi.com.au/fileadmin/_processed_/a/d/csm_ALN2364_AWARDS_HOUSEHOLD_1x1_228x128__c17879937f.jpg
laundry-household/household/,Atlas Kill & Protect Fast Knockdown Flying Insect Spray 300g,N/A,2.39,80c per 100g,https://www.aldi.com.au/fileadmin/_processed_/c/a/csm_ALN2364_AWARDS_HOUSEHOLD_1x1_228x128_2_5f362f794e.jpg
laundry-household/household/,Power Force Pro Multi Purpose Cleaner 750ml,N/A,1.79,24c per 100ml,https://www.aldi.com.au/fileadmin/_processed_/8/f/csm_ALN2991_AWARDS_HOUSEHOLD_1x1_228x128_4_abbabb6b20.jpg
laundry-household/household/,Power Force Pro Bath & Shower Cleaner 750ml,N/A,2.39,32c per 100ml,https://www.aldi.com.au/fileadmin/_processed_/b/0/csm_ALN2853_AWARDS_HOUSEHOLD_1x1_228x128__ddce1e329c.jpg
laundry-household/household/,Power Force Pro Heavy Duty Cleaner 1.25L,N/A,2.19,18c per 100ml,https://www.aldi.com.au/fileadmin/_processed_/0/f/csm_ALN2853_AWARDS_HOUSEHOLD_1x1_228x128_2_3d36a4ff15.jpg
laundry-household/household/,Tandil Ultra Dishwashing Liquid 450ml,N/A,1.5899999999999999,35c per 100ml,https://www.aldi.com.au/fileadmin/_processed_/6/f/csm_ALN3077_AWARDS-LAUNDRY-HOUSEHOLD_1x1_228x128__15b73ca48b.jpg
laundry-household/household/,Power Force Pro Disinfectant Wipes 120pk,N/A,2.99,$2.50 per 100 wipes,https://www.aldi.com.au/fileadmin/_processed_/6/7/csm_ALN2853_AWARDS_HOUSEHOLD_1x1_228x128_3_cd147d9a8f.jpg
fresh-produce/dairy-eggs/,Brooklea Joi Deluxe Yogurt Classics 6 x 150g,N/A,3.49,39c per 100g,https://www.aldi.com.au/fileadmin/_processed_/f/7/csm_ALN2745_Q2_WEB_AUDIT__DAIRY__1x1_228x128_3_80a48c8c5d.jpg
fresh-produce/dairy-eggs/,Brooklea Yogurt Squishies 70g,ea,69.0c,99c per 100g,https://www.aldi.com.au/fileadmin/_processed_/f/1/csm_ALN2745_Q2_WEB_AUDIT__DAIRY__1x1_228x128_1_1439e01874.jpg
fresh-produce/dairy-eggs/,Brooklea Stampede Chocolate Dairy Snack 12 x 100g,N/A,4.49,37c per 100g,https://www.aldi.com.au/fileadmin/_processed_/1/4/csm_ALN2364_AWARDS_DAIRY_1x1_228x128_35_21ef462764.jpg
fresh-produce/dairy-eggs/,Food Envy Chocolate Mousse 2 x 62g,N/A,2.29,$1.85 per 100g,https://www.aldi.com.au/fileadmin/_processed_/1/7/csm_ALN2670_Q1_WEB_AUDIT__DAIRY_EGGS__1x1_228x128_2_89aa8053da.jpg
fresh-produce/dairy-eggs/,Food Envy Chocolate Mousse with Salted Caramel 2 x 62g,N/A,2.29,$1.85 per 100g,https://www.aldi.com.au/fileadmin/_processed_/e/b/csm_ALN2670_Q1_WEB_AUDIT__DAIRY_EGGS__1x1_228x128_3_44105146f9.jpg
laundry-household/household/,Confidence Samson Paper Towel 3ply 3pk,N/A,2.99,$1.66 per 100 sheets ($1.00 per roll),https://www.aldi.com.au/fileadmin/_processed_/9/5/csm_ALN2364_HOUSEHOLD_1x1_228x128_7_3124977ae3.jpg
laundry-household/household/,Confidence Toilet Tissue Hypoallgerenic 4ply 8pk,N/A,3.99,36c per 100 sheets (50c per roll),https://www.aldi.com.au/fileadmin/_processed_/f/5/csm_ALN2364_HOUSEHOLD_1x1_228x128_8_5bc08f7f42.jpg
fresh-produce/dairy-eggs/,Food Envy Crème Caramel 2 x 150g,N/A,1.99,66c per 100g,https://www.aldi.com.au/fileadmin/_processed_/b/c/csm_ALN2670_Q1_WEB_AUDIT__DAIRY_EGGS__1x1_228x128_4_2e03cf065f.jpg
fresh-produce/dairy-eggs/,Brooklea Vanilla Custard 1kg,N/A,2.99,30c per 100g,https://www.aldi.com.au/fileadmin/_processed_/6/6/csm_ALN2364_AWARDS_DAIRY_1x1_228x128_19_2d59258468.jpg
liquor/spirits/,Highland Earl Blended Scotch Whisky 700ml,N/A,32.99,N/A,https://www.aldi.com.au/fileadmin/_processed_/7/5/csm_ALN2364_AWARDS_SPIRITS_1x1_228x128_5_a5e27832de.jpg
liquor/spirits/,Tamova Quadruple Distilled Vodka 700ml,N/A,29.99,N/A,https://www.aldi.com.au/fileadmin/_processed_/0/a/csm_ALN2619_Q4_WEB_AUDIT_SPIRITS_1x1_228x128__68dc19da09.jpg
liquor/spirits/,Darley’s London Style Gin 700ml,N/A,29.99,N/A,https://www.aldi.com.au/fileadmin/_processed_/d/5/csm_ALN2364_AWARDS_SPIRITS_1x1_228x128_6_6798243031.jpg
liquor/spirits/,Highland Black 8YO Blended Scotch Whisky 700ml,N/A,36.99,N/A,https://www.aldi.com.au/fileadmin/_processed_/0/5/csm_ALN2364_AWARDS_SPIRITS_1x1_228x128__bf3a04c542.jpg
liquor/spirits/,Bluegrass Kentucky Bourbon 700ml,N/A,29.99,N/A,https://www.aldi.com.au/fileadmin/_processed_/5/1/csm_ALN2364_AWARDS_SPIRITS_1x1_228x128_2_e2db5e0930.jpg
liquor/spirits/,Jim Beam Bourbon 700mL,N/A,37.95,N/A,https://www.aldi.com.au/fileadmin/_processed_/9/a/csm_ALN2218_Jim_Beam_Bourbon_700ml_1x1_228x128_62c16953e5.jpg
liquor/spirits/,Baroque Brandy 700ml,N/A,29.99,N/A,https://www.aldi.com.au/fileadmin/_processed_/f/6/csm_ALN2364_AWARDS_SPIRITS_1x1_228x128_7_fce9b2f811.jpg
liquor/spirits/,O’Donnells Irish Country Cream Liqueur 700ml,N/A,13.99,N/A,https://www.aldi.com.au/fileadmin/_processed_/5/0/csm_ALN2364_AWARDS_SPIRITS_1x1_228x128_3_9e7c9a1dec.jpg
liquor/spirits/,Baileys Irish Cream 700mL,N/A,28.99,N/A,https://www.aldi.com.au/fileadmin/_processed_/8/6/csm_ALN2147_Q4_SPIRITS_1x1_228x128_c9d3ff886a.jpg
liquor/spirits/,Bluegrass Kentucky Straight Bourbon Whiskey & Cola 6pk,6pk,17.99,N/A,https://www.aldi.com.au/fileadmin/_processed_/d/a/csm_ALC7312_LIQUOR_1x1s_228x128_6_c5142c8708.jpg
liquor/spirits/,Striganov Vodka Crush Raspberry 4pk,N/A,9.99,N/A,https://www.aldi.com.au/fileadmin/_processed_/5/8/csm_ALN2364_AWARDS_SPIRITS_1x1_228x128_8_29fef96620.jpg
liquor/spirits/,Striganov Vodka Crush Guava 4pk,N/A,9.99,N/A,https://www.aldi.com.au/fileadmin/_processed_/7/c/csm_ALN2364_AWARDS_SPIRITS_1x1_228x128_9_b59721ae75.jpg
liquor/spirits/,Striganov Vodka Crush Lemon Lime 4pk,N/A,9.99,N/A,https://www.aldi.com.au/fileadmin/_processed_/b/1/csm_ALN2364_AWARDS_SPIRITS_1x1_228x128_10_f094509d99.jpg
liquor/spirits/,Striganov Vodka Crush Watermelon 4pk,N/A,9.99,N/A,https://www.aldi.com.au/fileadmin/_processed_/0/8/csm_ALN2364_AWARDS_SPIRITS_1x1_228x128_11_ffeb0e74f6.jpg
